INSERT INTO "User" ("id", "name", "email", "emailVerified", "image", "password", "role", "createdAt", "updatedAt") VALUES ('cmjiq5eqo0000xe3snhnnva0i', 'Administrador', 'admin@jhonjhon.com', NULL, NULL, '$2a$10$gt.lido.J3hBx69Kw/KO5ehIU667WA.FaeYApG.lNZK.sfyU.oYVm', 'ADMIN', '2025-12-23T15:13:08.065Z', '2025-12-23T15:13:08.065Z');
INSERT INTO "User" ("id", "name", "email", "emailVerified", "image", "password", "role", "createdAt", "updatedAt") VALUES ('cmjiq5erc0001xe3sbr8m5tsp', 'Secretária', 'secretaria@jhonjhon.com', NULL, NULL, '$2a$10$gt.lido.J3hBx69Kw/KO5ehIU667WA.FaeYApG.lNZK.sfyU.oYVm', 'SECRETARY', '2025-12-23T15:13:08.088Z', '2025-12-23T15:13:08.088Z');
INSERT INTO "User" ("id", "name", "email", "emailVerified", "image", "password", "role", "createdAt", "updatedAt") VALUES ('cmjiqbggi0000xej3vwlftlwn', 'John Doe', 'testuserwxf8hv46@example.com', NULL, NULL, '$2a$10$SYmYhDHnvFondrS.DDBJce0n4cYmj3Mzo.hIqF19j0CwbZHrJsQHi', 'ADMIN', '2025-12-23T15:17:50.226Z', '2025-12-23T15:17:50.226Z');
INSERT INTO "User" ("id", "name", "email", "emailVerified", "image", "password", "role", "createdAt", "updatedAt") VALUES ('cmjiqp8v50000xemu03e0l99o', 'John Doe', 'testuserpb54s48h@example.com', NULL, NULL, '$2a$10$iOjSgrsqOe4HuLqDy.xsx.SyjH6ybaZOpvJA4QMvU0r/O4ydTq4fS', 'ADMIN', '2025-12-23T15:28:33.570Z', '2025-12-23T15:28:33.570Z');
INSERT INTO "User" ("id", "name", "email", "emailVerified", "image", "password", "role", "createdAt", "updatedAt") VALUES ('cmjiqponb0000xe4nw9aqn4qp', 'John Doe', 'john@doe.com', NULL, NULL, '$2a$10$.dLCYEojHT6veRaYAWiAsO0b7P1/oDNdKaZmwoZ1yZgHNs81HZBMq', 'ADMIN', '2025-12-23T15:28:54.023Z', '2025-12-23T15:28:54.023Z');
INSERT INTO "User" ("id", "name", "email", "emailVerified", "image", "password", "role", "createdAt", "updatedAt") VALUES ('cmjiqqenu0000xe8iqv3kum8d', 'John Doe', 'testuserkdhqjt1m@example.com', NULL, NULL, '$2a$10$R1C2CDWqqzUkgxVi1kaICeqDkq9cmo9SA0Ib7eGqTQ0zvIywaBQ3e', 'ADMIN', '2025-12-23T15:29:27.738Z', '2025-12-23T15:29:27.738Z');
INSERT INTO "User" ("id", "name", "email", "emailVerified", "image", "password", "role", "createdAt", "updatedAt") VALUES ('cmjiqsfmi0000xe21nmt5jgqb', 'John Doe', 'testuserpzv3ov96@example.com', NULL, NULL, '$2a$10$415oEAuxJ5D3rtei.lmeD.CTg0MIIzJ41W8OXet4H.cc4/Zk0YyVW', 'ADMIN', '2025-12-23T15:31:02.298Z', '2025-12-23T15:31:02.298Z');
INSERT INTO "User" ("id", "name", "email", "emailVerified", "image", "password", "role", "createdAt", "updatedAt") VALUES ('cmjiriw1v0000xeq3hpn7b4pn', 'John Doe', 'testuserk6tm14s6@example.com', NULL, NULL, '$2a$10$PBf42IzykmDWkDH9kuUThOuJAnW3LKYgh1zz6CUjyT2CnIiakaqcS', 'ADMIN', '2025-12-23T15:51:36.643Z', '2025-12-23T15:51:36.643Z');
INSERT INTO "User" ("id", "name", "email", "emailVerified", "image", "password", "role", "createdAt", "updatedAt") VALUES ('cmjivld3o0000v3em6mjtuqz6', 'John Doe', 'testuservfnec8h4@example.com', NULL, NULL, '$2a$10$0KPCLNWnjj2N7pofAiIfp.IpSsL0EAk7RTtn7T.ZDcXQxer8Q12na', 'ADMIN', '2025-12-23T17:45:30.516Z', '2025-12-23T17:45:30.516Z');
INSERT INTO "User" ("id", "name", "email", "emailVerified", "image", "password", "role", "createdAt", "updatedAt") VALUES ('cmjiwp73t0000v3o7nrzfp7oz', 'John Doe', 'testuser2npas9b5@example.com', NULL, NULL, '$2a$10$koTZ1zUpSqjwuzpWBs93SejhmKIg1TFz8xZQ6adkaKFPgYh.VQEFG', 'ADMIN', '2025-12-23T18:16:28.985Z', '2025-12-23T18:16:28.985Z');
INSERT INTO "User" ("id", "name", "email", "emailVerified", "image", "password", "role", "createdAt", "updatedAt") VALUES ('cmjix1qyc0000v3k5s789butp', 'John Doe', 'testuseroomldloc@example.com', NULL, NULL, '$2a$10$gKj0cUel3lkXdP6o9Fb9nOyeSoNxujfAQVO3MO7ry6uSIDb9zCUWS', 'ADMIN', '2025-12-23T18:26:14.580Z', '2025-12-23T18:26:14.580Z');
INSERT INTO "User" ("id", "name", "email", "emailVerified", "image", "password", "role", "createdAt", "updatedAt") VALUES ('cmjixdy0m0000v3d7wfm0kjr1', 'John Doe', 'testusery9fjbncr@example.com', NULL, NULL, '$2a$10$mowm5FsBtZD8JyvBIAmjf.Gv.1q1jgwzxLYPWfrljtS63phiq.CUa', 'ADMIN', '2025-12-23T18:35:43.607Z', '2025-12-23T18:35:43.607Z');
INSERT INTO "User" ("id", "name", "email", "emailVerified", "image", "password", "role", "createdAt", "updatedAt") VALUES ('cmjixuy9d0000v31x68v3qgvw', 'John Doe', 'testusero17u99zn@example.com', NULL, NULL, '$2a$10$cV/yitc7MGy89sozStbPGu1NrjlnHHLAkXs4zNIvTf1o7ndMsJaV6', 'ADMIN', '2025-12-23T18:48:57.074Z', '2025-12-23T18:48:57.074Z');
INSERT INTO "User" ("id", "name", "email", "emailVerified", "image", "password", "role", "createdAt", "updatedAt") VALUES ('cmjncy61e0000up3t76kbl8tl', 'John Doe', 'testuserv46c12dg@example.com', NULL, NULL, '$2a$10$0XPUXpM2vhhJZ8wqT4TZSumjTLnmtNqnXbaU1MJ/Z9uEYiqihYybK', 'ADMIN', '2025-12-26T21:02:26.066Z', '2025-12-26T21:02:26.066Z');
INSERT INTO "User" ("id", "name", "email", "emailVerified", "image", "password", "role", "createdAt", "updatedAt") VALUES ('cmjndvjgy0000upx9v1plwjer', 'John Doe', 'testuserq9d69vgp@example.com', NULL, NULL, '$2a$10$ikbv2lfJZ9RFiXILBI.A/OHCTIBMndKKdwiKIl55AsO.jmt69SEZS', 'ADMIN', '2025-12-26T21:28:23.122Z', '2025-12-26T21:28:23.122Z');
INSERT INTO "User" ("id", "name", "email", "emailVerified", "image", "password", "role", "createdAt", "updatedAt") VALUES ('cmjneja1b0000upvv36p4s67y', 'John Doe', 'testuser4ot3jq0n@example.com', NULL, NULL, '$2a$10$lrZgUlcHfiqPNq8gEb8/Ke8DSeti89ZlUVY6XqDKKyr8Rzgt/I1nW', 'ADMIN', '2025-12-26T21:46:50.639Z', '2025-12-26T21:46:50.639Z');
INSERT INTO "User" ("id", "name", "email", "emailVerified", "image", "password", "role", "createdAt", "updatedAt") VALUES ('cmjni0b8l0000up27rlrsvc0f', 'John Doe', 'testuserxs4544dn@example.com', NULL, NULL, '$2a$10$YUuOjfgYCfssHa2HIKq8G.VlYEiXEktMq31.bGIg0ZmEPSk6kKAd2', 'ADMIN', '2025-12-26T23:24:04.197Z', '2025-12-26T23:24:04.197Z');
INSERT INTO "User" ("id", "name", "email", "emailVerified", "image", "password", "role", "createdAt", "updatedAt") VALUES ('cmjotlldz00001buftsw11dhe', 'John Doe', 'testuser8ej4wv5z@example.com', NULL, NULL, '$2a$10$ugqoryd3OYYsLjPnnsxXRevO.dwgSmj7MEB3oRS0Y/cIb74xxvWyS', 'ADMIN', '2025-12-27T21:36:19.079Z', '2025-12-27T21:36:19.079Z');
INSERT INTO "User" ("id", "name", "email", "emailVerified", "image", "password", "role", "createdAt", "updatedAt") VALUES ('cmjougy4300001bxprxz8mtev', 'John Doe', 'testuserhei4t0qn@example.com', NULL, NULL, '$2a$10$12t0m/l2HozAbmjeavFO5euuvgr18EqA/oJfDTCJce1cRNnzaijbm', 'ADMIN', '2025-12-27T22:00:41.908Z', '2025-12-27T22:00:41.908Z');
INSERT INTO "User" ("id", "name", "email", "emailVerified", "image", "password", "role", "createdAt", "updatedAt") VALUES ('cmjyo92w500000copbrk23srr', 'John Doe', 'testuser5chfiuk1@example.com', NULL, NULL, '$2a$10$307udu9rWTUXANdpjFyf/.0SQuYPY0j47arN25FiYoKG628EvnF4S', 'ADMIN', '2026-01-03T19:04:18.918Z', '2026-01-03T19:04:18.918Z');
INSERT INTO "User" ("id", "name", "email", "emailVerified", "image", "password", "role", "createdAt", "updatedAt") VALUES ('cmk1j83nv00000cubqu1xxtio', 'John Doe', 'testusersz308v9t@example.com', NULL, NULL, '$2a$10$9pZSFhGycdOLTBUwsznceOdoTB6ENtcF93ZIOtLWgNIl5Z7j0qvYi', 'ADMIN', '2026-01-05T19:06:53.707Z', '2026-01-05T19:06:53.707Z');
INSERT INTO "User" ("id", "name", "email", "emailVerified", "image", "password", "role", "createdAt", "updatedAt") VALUES ('cmk2rnve90000y28zlism7h0n', 'John Doe', 'testuserfqnlaz5o@example.com', NULL, NULL, '$2a$10$uDLCzbuOmra3PxE3wek1sOzoFYx6YS.Nlk1Nf4undg/zWrzytMDmi', 'ADMIN', '2026-01-06T15:50:52.593Z', '2026-01-06T15:50:52.593Z');
INSERT INTO "User" ("id", "name", "email", "emailVerified", "image", "password", "role", "createdAt", "updatedAt") VALUES ('cmk2s5ng10000y2fwwqtse34o', 'John Doe', 'testuser366agnuu@example.com', NULL, NULL, '$2a$10$.i2WtG2Vow/NwnX/rgByo.nOz6K9/R.6PmMU5oqHXRPke2sVjnSRq', 'ADMIN', '2026-01-06T16:04:42.097Z', '2026-01-06T16:04:42.097Z');
INSERT INTO "User" ("id", "name", "email", "emailVerified", "image", "password", "role", "createdAt", "updatedAt") VALUES ('cmk2s7b1m0000y28ga5krw44r', 'John Doe', 'testuserrh3lk8xo@example.com', NULL, NULL, '$2a$10$xIsDU6h3FghJ6S837NCc.uI/GoBnNUtgcvqOyfaDYPu7ZE70iPwpm', 'ADMIN', '2026-01-06T16:05:59.338Z', '2026-01-06T16:05:59.338Z');
INSERT INTO "User" ("id", "name", "email", "emailVerified", "image", "password", "role", "createdAt", "updatedAt") VALUES ('cmk2s919v0000y210o6kr4et6', 'John Doe', 'testuser9x0clx8n@example.com', NULL, NULL, '$2a$10$dzxq4w.xd/1c9Ba1/pFFye26gHoTxrc0o1K08k3YK0Fy6XSnkwQhS', 'ADMIN', '2026-01-06T16:07:19.987Z', '2026-01-06T16:07:19.987Z');
INSERT INTO "User" ("id", "name", "email", "emailVerified", "image", "password", "role", "createdAt", "updatedAt") VALUES ('cmk2syhyt0000y27szshdogp4', 'John Doe', 'testuser8273qla2@example.com', NULL, NULL, '$2a$10$hM0mZneam4N8USSYpLAL3e7FYliKuztLKeJtrul3Se2IXItna/82q', 'ADMIN', '2026-01-06T16:27:08.021Z', '2026-01-06T16:27:08.021Z');
INSERT INTO "User" ("id", "name", "email", "emailVerified", "image", "password", "role", "createdAt", "updatedAt") VALUES ('cmk2ubkvl0000y2idyogj56en', 'John Doe', 'testusersq37g8da@example.com', NULL, NULL, '$2a$10$piOQwKnY.u8N3qQaCbUdpeowBEaPe6cxZTG8/MWcH1RcJhlI8vfmq', 'ADMIN', '2026-01-06T17:05:17.938Z', '2026-01-06T17:05:17.938Z');
INSERT INTO "User" ("id", "name", "email", "emailVerified", "image", "password", "role", "createdAt", "updatedAt") VALUES ('cmk2ussdr0000y2hc9wk0u11d', 'John Doe', 'testusernuvlttwc@example.com', NULL, NULL, '$2a$10$Hklxl0M5Zxu7TfGz1teBI.LQEShTys.R.5XpSPnmuJoa3ix2NqvMu', 'ADMIN', '2026-01-06T17:18:40.815Z', '2026-01-06T17:18:40.815Z');
INSERT INTO "User" ("id", "name", "email", "emailVerified", "image", "password", "role", "createdAt", "updatedAt") VALUES ('cmk2v6x9s0000y2ezdrnhq6ne', 'John Doe', 'testusermrupqmk3@example.com', NULL, NULL, '$2a$10$v/PPsiZaZC/fC2Nb8Rj7duOHYhCcK.V9DAk3xZ9oUrKQL2szqMJuC', 'ADMIN', '2026-01-06T17:29:40.336Z', '2026-01-06T17:29:40.336Z');
INSERT INTO "User" ("id", "name", "email", "emailVerified", "image", "password", "role", "createdAt", "updatedAt") VALUES ('cmk2vsc8c0000y29tnaeq1c5i', 'John Doe', 'testuser8t6mr9v6@example.com', NULL, NULL, '$2a$10$QtrxMr9fCzVI3Dhw6ShwO.F29ncRvutB04NcHuQh3PcO6/tpYsTGW', 'ADMIN', '2026-01-06T17:46:19.501Z', '2026-01-06T17:46:19.501Z');
INSERT INTO "User" ("id", "name", "email", "emailVerified", "image", "password", "role", "createdAt", "updatedAt") VALUES ('cmk2w8s4j0000y2123rd3fbux', 'John Doe', 'testuserr05okl10@example.com', NULL, NULL, '$2a$10$vqTJI2ixQb//Cnkg3QeHg.dcjwvaIbv0X9Z50S7GUISArbuhLNlxO', 'ADMIN', '2026-01-06T17:59:06.596Z', '2026-01-06T17:59:06.596Z');
INSERT INTO "User" ("id", "name", "email", "emailVerified", "image", "password", "role", "createdAt", "updatedAt") VALUES ('cmk2wuxw90000y26n9yktl9o8', 'John Doe', 'testuserqdhddxqj@example.com', NULL, NULL, '$2a$10$aV1jGDeH4wfRImYdR19xL.oR02vRqtxhLNNf/TnUSE3uslDIxGwtu', 'ADMIN', '2026-01-06T18:16:20.506Z', '2026-01-06T18:16:20.506Z');
INSERT INTO "User" ("id", "name", "email", "emailVerified", "image", "password", "role", "createdAt", "updatedAt") VALUES ('cmk2xgvl30000y2b6lonn25ol', 'John Doe', 'testuser678j4xq7@example.com', NULL, NULL, '$2a$10$/OhuZouGqzqpAAeeFs7H0eKtWpKZENNqK77uLilQBiUpUcHdz6kCm', 'ADMIN', '2026-01-06T18:33:23.944Z', '2026-01-06T18:33:23.944Z');
INSERT INTO "User" ("id", "name", "email", "emailVerified", "image", "password", "role", "createdAt", "updatedAt") VALUES ('cmk2xx22y0000y251qrot4tgn', 'John Doe', 'testuserid8jbpfb@example.com', NULL, NULL, '$2a$10$/8uXWQI6MknyhMGJ/SnWp.y8crAUDjDhKtEl9bOZv4yfMwBnDjzz2', 'ADMIN', '2026-01-06T18:45:58.858Z', '2026-01-06T18:45:58.858Z');
INSERT INTO "User" ("id", "name", "email", "emailVerified", "image", "password", "role", "createdAt", "updatedAt") VALUES ('cmk2yvjq90000y2yqsd14og9g', 'John Doe', 'testuser0yxrwcw1@example.com', NULL, NULL, '$2a$10$SW5qCpafZpLZbMDKROGgH.hkJEJLZ5tKX2snq1rfum1taqL6KC0zW', 'ADMIN', '2026-01-06T19:12:48.034Z', '2026-01-06T19:12:48.034Z');
INSERT INTO "User" ("id", "name", "email", "emailVerified", "image", "password", "role", "createdAt", "updatedAt") VALUES ('cmk2zprpu0000y22a3lclznwt', 'John Doe', 'testuserhsnhe979@example.com', NULL, NULL, '$2a$10$N/BFA9Y4s1AKyE845Uek7.j0Ab8hXtIuOf.f.RBNLu6el0SEVYR3C', 'ADMIN', '2026-01-06T19:36:18.067Z', '2026-01-06T19:36:18.067Z');
INSERT INTO "User" ("id", "name", "email", "emailVerified", "image", "password", "role", "createdAt", "updatedAt") VALUES ('cmk306qxs0000y2ufokijpytm', 'John Doe', 'testusercse6978x@example.com', NULL, NULL, '$2a$10$nxI7Jh5DWYNW8yabgZ8inebkhdm1qlngraOswJ/1kEtc0ua4fDycO', 'ADMIN', '2026-01-06T19:49:30.209Z', '2026-01-06T19:49:30.209Z');
INSERT INTO "User" ("id", "name", "email", "emailVerified", "image", "password", "role", "createdAt", "updatedAt") VALUES ('cmk30mvh80000y2q5mg80zja7', 'John Doe', 'testuser6pnc09y2@example.com', NULL, NULL, '$2a$10$rAfg5giCa78D6r1SdaDea.tnplun5nfPvVlXZJJNIB7EdCop/wCI6', 'ADMIN', '2026-01-06T20:02:02.589Z', '2026-01-06T20:02:02.589Z');
INSERT INTO "User" ("id", "name", "email", "emailVerified", "image", "password", "role", "createdAt", "updatedAt") VALUES ('cmk32t74u0000y2guxkcbvg7w', 'John Doe', 'testuser2jqyiqad@example.com', NULL, NULL, '$2a$10$fEgAd3v.hpZlWaqJsb4IvOR.uvDOjQzXUVlFEAtyVNZk5OqrFujlu', 'ADMIN', '2026-01-06T21:02:56.863Z', '2026-01-06T21:02:56.863Z');
INSERT INTO "User" ("id", "name", "email", "emailVerified", "image", "password", "role", "createdAt", "updatedAt") VALUES ('cmk33bcqc0000y2ek2hhgtht0', 'John Doe', 'testuserim3shkk8@example.com', NULL, NULL, '$2a$10$1wLy5OAVFAw527.H4aPj9eBVInW8/R.Q8nK75KbXniaYt2OlfhNQK', 'ADMIN', '2026-01-06T21:17:03.924Z', '2026-01-06T21:17:03.924Z');
INSERT INTO "User" ("id", "name", "email", "emailVerified", "image", "password", "role", "createdAt", "updatedAt") VALUES ('cmk3459k70000y2ozypyywar9', 'John Doe', 'testuser1ai8kn6g@example.com', NULL, NULL, '$2a$10$9HNZltqBMdmo7TFR6G2LaO8aR7mGA8lGuNth86erktn8ftq60p8/i', 'ADMIN', '2026-01-06T21:40:19.495Z', '2026-01-06T21:40:19.495Z');
INSERT INTO "User" ("id", "name", "email", "emailVerified", "image", "password", "role", "createdAt", "updatedAt") VALUES ('cmk350hqb0000y29zt3rqhsk6', 'John Doe', 'testusertejq516r@example.com', NULL, NULL, '$2a$10$.zw24b25Z/12G6Fkifj9.eSv/OWwxQI0Ix2wz0.yiEDw6OUxZUUOO', 'ADMIN', '2026-01-06T22:04:36.420Z', '2026-01-06T22:04:36.420Z');
INSERT INTO "User" ("id", "name", "email", "emailVerified", "image", "password", "role", "createdAt", "updatedAt") VALUES ('cmk35bitv0000y2fie5yh8bma', 'John Doe', 'testuser9qc6yt3h@example.com', NULL, NULL, '$2a$10$s82ceiDmVySSsaQBGyNzbes2ae0q8JTMfd9ikn3TNFLrbSi9KzB.6', 'ADMIN', '2026-01-06T22:13:11.060Z', '2026-01-06T22:13:11.060Z');
INSERT INTO "User" ("id", "name", "email", "emailVerified", "image", "password", "role", "createdAt", "updatedAt") VALUES ('cmk360zls0000y2fskmlyqcxa', 'John Doe', 'testusero3xam4gl@example.com', NULL, NULL, '$2a$10$ztxb1TdRQxwDhFxkjDPnpOOHWmwWTqAEiIQ9ChNJWq8VLbuJcO9ze', 'ADMIN', '2026-01-06T22:32:59.200Z', '2026-01-06T22:32:59.200Z');
INSERT INTO "User" ("id", "name", "email", "emailVerified", "image", "password", "role", "createdAt", "updatedAt") VALUES ('cmk36x18g0000y2hi40q2yw4t', 'John Doe', 'testuser03sl9nhf@example.com', NULL, NULL, '$2a$10$79ZYGi2q7E5eqlXshI9tDeDZ/WifjFSxE0YaS94lLrHNmHafSpXqG', 'ADMIN', '2026-01-06T22:57:54.304Z', '2026-01-06T22:57:54.304Z');
INSERT INTO "User" ("id", "name", "email", "emailVerified", "image", "password", "role", "createdAt", "updatedAt") VALUES ('cmk37c8720000y2b8nfe03sbi', 'John Doe', 'testuser0fd9l8d1@example.com', NULL, NULL, '$2a$10$Xzt1GyTDGqoqNRYfq5lLIeHW3j/8liLARos/7cVO8pO7UDbwmiU46', 'ADMIN', '2026-01-06T23:09:43.166Z', '2026-01-06T23:09:43.166Z');
INSERT INTO "User" ("id", "name", "email", "emailVerified", "image", "password", "role", "createdAt", "updatedAt") VALUES ('cmk37lny30000y2zbfllymbvr', 'John Doe', 'testuser44dtijz3@example.com', NULL, NULL, '$2a$10$/6KguhCWpd2sKTwSvBYlVOUk.6RYK1MMgDe./AKIPW2c64FukOaO6', 'ADMIN', '2026-01-06T23:17:03.484Z', '2026-01-06T23:17:03.484Z');
INSERT INTO "User" ("id", "name", "email", "emailVerified", "image", "password", "role", "createdAt", "updatedAt") VALUES ('cmk37xb5l0000y2rd28cqtrgl', 'John Doe', 'testuserb6uiclfa@example.com', NULL, NULL, '$2a$10$KK27lCFEi85KmwHWtCP9CePbdL8saSyusKuL778PX4ad6v.QPehS.', 'ADMIN', '2026-01-06T23:26:06.778Z', '2026-01-06T23:26:06.778Z');
INSERT INTO "User" ("id", "name", "email", "emailVerified", "image", "password", "role", "createdAt", "updatedAt") VALUES ('cmk384ydm0000y2eefgygwflk', 'John Doe', 'testusere6szps8p@example.com', NULL, NULL, '$2a$10$/NkNpKCGy9T03SryY3KnFu7TGHlV706BB3ddG4x5mv5lZOg4kNsj6', 'ADMIN', '2026-01-06T23:32:03.467Z', '2026-01-06T23:32:03.467Z');
INSERT INTO "User" ("id", "name", "email", "emailVerified", "image", "password", "role", "createdAt", "updatedAt") VALUES ('cmk38i0v20000y24zz64i1hlw', 'John Doe', 'testuser2jn1s0nl@example.com', NULL, NULL, '$2a$10$HITNLKfkMW6.Zd3Gvgogcu85vzwQJc3YYD95Ju.WS4Z0pnQhQNyGy', 'ADMIN', '2026-01-06T23:42:13.214Z', '2026-01-06T23:42:13.214Z');
INSERT INTO "User" ("id", "name", "email", "emailVerified", "image", "password", "role", "createdAt", "updatedAt") VALUES ('cmk38wy4o0000y20hjyqv8201', 'John Doe', 'testuser6gu6adqc@example.com', NULL, NULL, '$2a$10$MZ8wahLrCxH2UJC9YZGggOLQAshOSbZpqSdsC6PsaU2yaZm.BdHZm', 'ADMIN', '2026-01-06T23:53:49.512Z', '2026-01-06T23:53:49.512Z');
INSERT INTO "User" ("id", "name", "email", "emailVerified", "image", "password", "role", "createdAt", "updatedAt") VALUES ('cmk39bcle0000y2wg2d3ifnnb', 'John Doe', 'testuserg9qhwgl7@example.com', NULL, NULL, '$2a$10$NUd2rup4U6q4HhMtDHlX3uQCOu46Kn5QbihhJRm7FfrbJDJsScaem', 'ADMIN', '2026-01-07T00:05:01.442Z', '2026-01-07T00:05:01.442Z');
INSERT INTO "User" ("id", "name", "email", "emailVerified", "image", "password", "role", "createdAt", "updatedAt") VALUES ('cmk3acu0k0000y2aep6esyyxx', 'John Doe', 'testuseraowi2nz0@example.com', NULL, NULL, '$2a$10$yYCGKomr33QqlzpURq/jWO9EEwJ9IKbii7pDd6O1jqCRIut0sN1Q6', 'ADMIN', '2026-01-07T00:34:10.293Z', '2026-01-07T00:34:10.293Z');
INSERT INTO "User" ("id", "name", "email", "emailVerified", "image", "password", "role", "createdAt", "updatedAt") VALUES ('cmk4b5ed40000wq1nv4p1msm7', 'John Doe', 'testuser9e06d2q0@example.com', NULL, NULL, '$2a$10$F1LoasHyM0Teby2nbYr53.AZaLjUNedMhqVNGk8T2MP3/TU8O9VI2', 'ADMIN', '2026-01-07T17:44:09.209Z', '2026-01-07T17:44:09.209Z');
INSERT INTO "User" ("id", "name", "email", "emailVerified", "image", "password", "role", "createdAt", "updatedAt") VALUES ('cmk4c3vdw0000wq3kepehyfrb', 'John Doe', 'testusert38y9a14@example.com', NULL, NULL, '$2a$10$/J05M/edqBJEZArWcqmRBOcYb5myLjJhhU1FnxZLG82tTANLqJuWm', 'ADMIN', '2026-01-07T18:10:57.572Z', '2026-01-07T18:10:57.572Z');
INSERT INTO "User" ("id", "name", "email", "emailVerified", "image", "password", "role", "createdAt", "updatedAt") VALUES ('cmk4cxce00000wq5rba3hhpxr', 'John Doe', 'testusert7rp8bkh@example.com', NULL, NULL, '$2a$10$AICgk7EacdjJYk9Yw91lyexeZi1pufKbk/qGIGEinwPxhXrE3A/Aq', 'ADMIN', '2026-01-07T18:33:52.633Z', '2026-01-07T18:33:52.633Z');
INSERT INTO "User" ("id", "name", "email", "emailVerified", "image", "password", "role", "createdAt", "updatedAt") VALUES ('cmk4dvy6w0000wq8v1toj3233', 'John Doe', 'testuserh2dhw0ep@example.com', NULL, NULL, '$2a$10$JWuehCs6QuX0iK87gcMWm.dqCPA.NMyRZf9OTegLzMXpUVF9utl9q', 'ADMIN', '2026-01-07T19:00:47.193Z', '2026-01-07T19:00:47.193Z');
INSERT INTO "User" ("id", "name", "email", "emailVerified", "image", "password", "role", "createdAt", "updatedAt") VALUES ('cmk4dxt2x0000wq5akjdhqcay', 'John Doe', 'testuser3jg4m14o@example.com', NULL, NULL, '$2a$10$duE50rirHQOf6R22jbAIAuJsgJDNLrlZG7NCzFrslrYL/gZZmkRVi', 'ADMIN', '2026-01-07T19:02:13.882Z', '2026-01-07T19:02:13.882Z');
INSERT INTO "Barber" ("id", "name", "phone", "email", "password", "commissionRate", "hourlyRate", "isActive", "createdAt", "updatedAt") VALUES ('cmjir4szc0001p208m38g3p13', 'jhon jhon', '92984331287', NULL, NULL, 40, 0, true, '2025-12-23T15:40:39.479Z', '2025-12-27T17:30:32.063Z');
INSERT INTO "Barber" ("id", "name", "phone", "email", "password", "commissionRate", "hourlyRate", "isActive", "createdAt", "updatedAt") VALUES ('cmjokmsma0002rc09qso1ymbp', 'Eduardo ', '92991782936', NULL, NULL, 45, 0, true, '2025-12-27T17:25:18.562Z', '2025-12-27T20:09:07.135Z');
INSERT INTO "Barber" ("id", "name", "phone", "email", "password", "commissionRate", "hourlyRate", "isActive", "createdAt", "updatedAt") VALUES ('cmjoko0qz0003rc09asvby6r9', 'Maikon ', '92991570180', NULL, NULL, 45, 0, true, '2025-12-27T17:26:15.755Z', '2025-12-27T20:09:12.939Z');
INSERT INTO "Client" ("id", "name", "phone", "email", "createdAt", "updatedAt") VALUES ('cmjol2dyc0005rc09169224xt', 'Cézar Vilaça', '92995078981', NULL, '2025-12-27T17:37:26.052Z', '2025-12-27T17:37:26.052Z');
INSERT INTO "Client" ("id", "name", "phone", "email", "createdAt", "updatedAt") VALUES ('cmjoxvtge0009qy08qq2t7uf6', 'Guilherme Pereira', '92 986222253', NULL, '2025-12-27T23:36:14.557Z', '2025-12-27T23:36:14.557Z');
INSERT INTO "Client" ("id", "name", "phone", "email", "createdAt", "updatedAt") VALUES ('cmjoxwzam000aqy08lfdm1pp7', 'Gabriel ferreira', '92 995163062', NULL, '2025-12-27T23:37:08.782Z', '2025-12-27T23:37:08.782Z');
INSERT INTO "Client" ("id", "name", "phone", "email", "createdAt", "updatedAt") VALUES ('cmjoxyadf000bqy08d34gjslj', 'Rodrigo Fernandes ', '92 985263066', NULL, '2025-12-27T23:38:09.795Z', '2025-12-27T23:38:09.795Z');
INSERT INTO "Client" ("id", "name", "phone", "email", "createdAt", "updatedAt") VALUES ('cmjoxz2ao000cqy089uy9ropz', 'Matheus campos ', '92 984578428', NULL, '2025-12-27T23:38:45.984Z', '2025-12-27T23:38:45.984Z');
INSERT INTO "Client" ("id", "name", "phone", "email", "createdAt", "updatedAt") VALUES ('cmjoxzqta000dqy088bu4lmc1', 'Leandro Oliveira dos santos', '92 993857798', NULL, '2025-12-27T23:39:17.758Z', '2025-12-27T23:39:17.758Z');
INSERT INTO "Client" ("id", "name", "phone", "email", "createdAt", "updatedAt") VALUES ('cmjoy0dkb000eqy08jxtac5jp', 'Jonhe castro', '92 982517974', NULL, '2025-12-27T23:39:47.243Z', '2025-12-27T23:39:47.243Z');
INSERT INTO "Client" ("id", "name", "phone", "email", "createdAt", "updatedAt") VALUES ('cmjoy121s000fqy085g3xbsqp', 'Alex nascimento ', '92 985439626', NULL, '2025-12-27T23:40:18.960Z', '2025-12-27T23:40:18.960Z');
INSERT INTO "Client" ("id", "name", "phone", "email", "createdAt", "updatedAt") VALUES ('cmjoy1l9l000gqy08u6uj4axd', 'Gustavo Alberto ', '92 982615592', NULL, '2025-12-27T23:40:43.881Z', '2025-12-27T23:40:43.881Z');
INSERT INTO "Client" ("id", "name", "phone", "email", "createdAt", "updatedAt") VALUES ('cmjoy248r000hqy08dv3bpfb1', 'Bruce lennon', '92 994275607', NULL, '2025-12-27T23:41:08.475Z', '2025-12-27T23:41:08.475Z');
INSERT INTO "Client" ("id", "name", "phone", "email", "createdAt", "updatedAt") VALUES ('cmjoy2pln000iqy084blzstlu', 'José Gabriel ', '92 982234562', NULL, '2025-12-27T23:41:36.155Z', '2025-12-27T23:41:36.155Z');
INSERT INTO "Client" ("id", "name", "phone", "email", "createdAt", "updatedAt") VALUES ('cmjoy3bis000jqy086sb68w34', 'Diego Josafá ', '92 999441831', NULL, '2025-12-27T23:42:04.565Z', '2025-12-27T23:42:04.565Z');
INSERT INTO "Client" ("id", "name", "phone", "email", "createdAt", "updatedAt") VALUES ('cmjoy45f3000kqy082q2z4emt', 'Luigi Albuquerque ', '92 999800318', NULL, '2025-12-27T23:42:43.311Z', '2025-12-27T23:42:43.311Z');
INSERT INTO "Client" ("id", "name", "phone", "email", "createdAt", "updatedAt") VALUES ('cmjoy4ri1000lqy08ozysnw7w', 'Joab melo ', '92 996075352', NULL, '2025-12-27T23:43:11.929Z', '2025-12-27T23:43:11.929Z');
INSERT INTO "Client" ("id", "name", "phone", "email", "createdAt", "updatedAt") VALUES ('cmjoy55bt000mqy08uenhbr62', 'Carol binda ', '92 984715646', NULL, '2025-12-27T23:43:29.849Z', '2025-12-27T23:43:29.849Z');
INSERT INTO "Client" ("id", "name", "phone", "email", "createdAt", "updatedAt") VALUES ('cmjoy5ud8000nqy08aqqplpyg', 'Janderson bahia ', '92 981494741', NULL, '2025-12-27T23:44:02.300Z', '2025-12-27T23:44:02.300Z');
INSERT INTO "Client" ("id", "name", "phone", "email", "createdAt", "updatedAt") VALUES ('cmjoy66jr000oqy084p6drdsb', 'Marcio cliente', '92 981201341', NULL, '2025-12-27T23:44:18.087Z', '2025-12-27T23:44:18.087Z');
INSERT INTO "Client" ("id", "name", "phone", "email", "createdAt", "updatedAt") VALUES ('cmjoy6nly000pqy08ajfefka4', 'Diogo gabriel', '92 992989889', NULL, '2025-12-27T23:44:40.198Z', '2025-12-27T23:44:40.198Z');
INSERT INTO "Client" ("id", "name", "phone", "email", "createdAt", "updatedAt") VALUES ('cmjoy77pj000qqy08ajqo618s', 'Luan bayman', '92 992599815', NULL, '2025-12-27T23:45:06.247Z', '2025-12-27T23:45:06.247Z');
INSERT INTO "Client" ("id", "name", "phone", "email", "createdAt", "updatedAt") VALUES ('cmjoy83wf000rqy08biz5fb8i', 'Elder da Costa Araújo ', '92 994650686', NULL, '2025-12-27T23:45:47.950Z', '2025-12-27T23:45:47.950Z');
INSERT INTO "Client" ("id", "name", "phone", "email", "createdAt", "updatedAt") VALUES ('cmjoy8l7a000sqy08f1b706yd', 'Kael bandeira', '92 986031991', NULL, '2025-12-27T23:46:10.390Z', '2025-12-27T23:46:10.390Z');
INSERT INTO "Client" ("id", "name", "phone", "email", "createdAt", "updatedAt") VALUES ('cmjoy96lm000tqy08b9pl4mbl', 'Darc Sales ', '92 992371995', NULL, '2025-12-27T23:46:38.122Z', '2025-12-27T23:46:38.122Z');
INSERT INTO "Client" ("id", "name", "phone", "email", "createdAt", "updatedAt") VALUES ('cmjoy9lzc000uqy08a829bsy3', 'Tiago mota', '92 991934121', NULL, '2025-12-27T23:46:58.056Z', '2025-12-27T23:46:58.056Z');
INSERT INTO "Client" ("id", "name", "phone", "email", "createdAt", "updatedAt") VALUES ('cmjoya3v3000vqy089gefqwhl', 'Nilson matos', '92 992987788', NULL, '2025-12-27T23:47:21.231Z', '2025-12-27T23:47:21.231Z');
INSERT INTO "Client" ("id", "name", "phone", "email", "createdAt", "updatedAt") VALUES ('cmjoyajr1000wqy08mmxw6wgc', 'Leo motors', '92 974007676', NULL, '2025-12-27T23:47:41.821Z', '2025-12-27T23:47:41.821Z');
INSERT INTO "Client" ("id", "name", "phone", "email", "createdAt", "updatedAt") VALUES ('cmjoyawbk000xqy08dswme974', 'João thomas ', '92 992507155', NULL, '2025-12-27T23:47:58.112Z', '2025-12-27T23:47:58.112Z');
INSERT INTO "Client" ("id", "name", "phone", "email", "createdAt", "updatedAt") VALUES ('cmjoybd2n000yqy08ki2mlgor', 'Leandro cruz ', '92 992443213', NULL, '2025-12-27T23:48:19.824Z', '2025-12-27T23:48:19.824Z');
INSERT INTO "Client" ("id", "name", "phone", "email", "createdAt", "updatedAt") VALUES ('cmjoybun1000zqy08tjzc1ab7', 'Eric Vinícius ', '92 981749895', NULL, '2025-12-27T23:48:42.589Z', '2025-12-27T23:48:42.589Z');
INSERT INTO "Client" ("id", "name", "phone", "email", "createdAt", "updatedAt") VALUES ('cmjoyclct0010qy088zdcznro', 'Leonardo saraiva ', '92 981703116', NULL, '2025-12-27T23:49:17.213Z', '2025-12-27T23:49:17.213Z');
INSERT INTO "Client" ("id", "name", "phone", "email", "createdAt", "updatedAt") VALUES ('cmjoyd59a0011qy08a7vgbcf1', 'Sandro hygor', '92 981379389', NULL, '2025-12-27T23:49:43.006Z', '2025-12-27T23:49:43.006Z');
INSERT INTO "Client" ("id", "name", "phone", "email", "createdAt", "updatedAt") VALUES ('cmjoydl930012qy08law3ogsj', 'Andre Menezes ', '92 993431200', NULL, '2025-12-27T23:50:03.735Z', '2025-12-27T23:50:03.735Z');
INSERT INTO "Client" ("id", "name", "phone", "email", "createdAt", "updatedAt") VALUES ('cmjoyeegy0013qy08pdopbd3a', 'Renan Souza ', '92 982764159', NULL, '2025-12-27T23:50:41.602Z', '2025-12-27T23:50:41.602Z');
INSERT INTO "Client" ("id", "name", "phone", "email", "createdAt", "updatedAt") VALUES ('cmjoyex5r0014qy08szh78ugu', 'Caio italo', '92 994608642', NULL, '2025-12-27T23:51:05.807Z', '2025-12-27T23:51:05.807Z');
INSERT INTO "Client" ("id", "name", "phone", "email", "createdAt", "updatedAt") VALUES ('cmjoyfhlz0015qy085tdz4x7t', 'Philippe feitosa', '92 991926556', NULL, '2025-12-27T23:51:32.327Z', '2025-12-27T23:51:32.327Z');
INSERT INTO "Client" ("id", "name", "phone", "email", "createdAt", "updatedAt") VALUES ('cmjoyfwe10016qy08o5w5quix', 'Hugo Bessa ', '92 993744680', NULL, '2025-12-27T23:51:51.481Z', '2025-12-27T23:51:51.481Z');
INSERT INTO "Client" ("id", "name", "phone", "email", "createdAt", "updatedAt") VALUES ('cmjoygk720017qy08k7x80fiq', 'Julio flavio', '97 984498118', NULL, '2025-12-27T23:52:22.334Z', '2025-12-27T23:52:22.334Z');
INSERT INTO "Client" ("id", "name", "phone", "email", "createdAt", "updatedAt") VALUES ('cmjoyh3sw0018qy08ver57jvl', 'SAYMON rick', '92 988413829', NULL, '2025-12-27T23:52:47.744Z', '2025-12-27T23:52:47.744Z');
INSERT INTO "Client" ("id", "name", "phone", "email", "createdAt", "updatedAt") VALUES ('cmjoyhnw30019qy082l4d6uh1', 'Daniel brito', '92 984742651', NULL, '2025-12-27T23:53:13.779Z', '2025-12-27T23:53:13.779Z');
INSERT INTO "Client" ("id", "name", "phone", "email", "createdAt", "updatedAt") VALUES ('cmjoyi6i2001aqy08yirmjhcv', 'marlison', '92 991226357', NULL, '2025-12-27T23:53:37.898Z', '2025-12-27T23:53:37.898Z');
INSERT INTO "Client" ("id", "name", "phone", "email", "createdAt", "updatedAt") VALUES ('cmjoyivon001bqy083clqj37e', 'Romario rodrigues ', '92 991161006', NULL, '2025-12-27T23:54:10.535Z', '2025-12-27T23:54:10.535Z');
INSERT INTO "Client" ("id", "name", "phone", "email", "createdAt", "updatedAt") VALUES ('cmjoyjh7u001cqy081a7s7e99', 'Eduardo Torres ', '92 999767247', NULL, '2025-12-27T23:54:38.442Z', '2025-12-27T23:54:38.442Z');
INSERT INTO "Client" ("id", "name", "phone", "email", "createdAt", "updatedAt") VALUES ('cmjoyk19v001dqy08wq1ilcbi', 'Alexson brito', '92 992514577', NULL, '2025-12-27T23:55:04.435Z', '2025-12-27T23:55:04.435Z');
INSERT INTO "Client" ("id", "name", "phone", "email", "createdAt", "updatedAt") VALUES ('cmjqgckdw0002mo08o3mk4vpv', 'Moacy Soares Nonato Filho', '92981708066', 'moacysoares@gmail.com', '2025-12-29T01:00:55.221Z', '2025-12-29T01:00:55.221Z');
INSERT INTO "Client" ("id", "name", "phone", "email", "createdAt", "updatedAt") VALUES ('cmjro0m7p000uq60875ex5y83', 'Diego serra', '92 991397759', NULL, '2025-12-29T21:23:20.821Z', '2025-12-29T21:23:20.821Z');
INSERT INTO "Client" ("id", "name", "phone", "email", "createdAt", "updatedAt") VALUES ('cmjro14xy000vq608e54u6svy', 'Lucas cortez', '92 993088053', NULL, '2025-12-29T21:23:45.094Z', '2025-12-29T21:23:45.094Z');
INSERT INTO "Client" ("id", "name", "phone", "email", "createdAt", "updatedAt") VALUES ('cmjro1uqv000wq608lgqd3jcd', 'Gabiel Diniz ', '92 984123783', NULL, '2025-12-29T21:24:18.535Z', '2025-12-29T21:24:18.535Z');
INSERT INTO "Client" ("id", "name", "phone", "email", "createdAt", "updatedAt") VALUES ('cmjro2ka5000xq608dw1b8mm7', 'Marcelo Fernandes ', '92 993169963', NULL, '2025-12-29T21:24:51.629Z', '2025-12-29T21:24:51.629Z');
INSERT INTO "Client" ("id", "name", "phone", "email", "createdAt", "updatedAt") VALUES ('cmjro3cpe000yq608f31sm6nn', 'Pedrinho Paiva ', '92 991386504', NULL, '2025-12-29T21:25:28.466Z', '2025-12-29T21:25:28.466Z');
INSERT INTO "Client" ("id", "name", "phone", "email", "createdAt", "updatedAt") VALUES ('cmjro40fx000zq6087gc9djdv', 'Edhie Bessa ', '92 992003532', NULL, '2025-12-29T21:25:59.229Z', '2025-12-29T21:25:59.229Z');
INSERT INTO "Client" ("id", "name", "phone", "email", "createdAt", "updatedAt") VALUES ('cmjro4jfk0010q608xvszd30f', 'Jonhe casttro', '92 982517974', NULL, '2025-12-29T21:26:23.840Z', '2025-12-29T21:26:23.840Z');
INSERT INTO "Client" ("id", "name", "phone", "email", "createdAt", "updatedAt") VALUES ('cmjro6asj0011q608m5lp7oh9', 'Otaviano oliveira ', '92 986165290', NULL, '2025-12-29T21:27:45.955Z', '2025-12-29T21:27:45.955Z');
INSERT INTO "Client" ("id", "name", "phone", "email", "createdAt", "updatedAt") VALUES ('cmjro71wh0012q608cm95cyjz', 'Luan arruda ', '92 985010275', NULL, '2025-12-29T21:28:21.072Z', '2025-12-29T21:28:21.072Z');
INSERT INTO "Client" ("id", "name", "phone", "email", "createdAt", "updatedAt") VALUES ('cmjro86j50013q608g0qk4ry8', 'Sacola racing', '92 995340792', NULL, '2025-12-29T21:29:13.745Z', '2025-12-29T21:29:13.745Z');
INSERT INTO "Client" ("id", "name", "phone", "email", "createdAt", "updatedAt") VALUES ('cmjro8z2e0014q6089x2c8cl1', 'Lucas Matheus ', '92 985196422', NULL, '2025-12-29T21:29:50.725Z', '2025-12-29T21:29:50.725Z');
INSERT INTO "Client" ("id", "name", "phone", "email", "createdAt", "updatedAt") VALUES ('cmjro9o6y0015q60808nsutkq', 'Vinícius ribeiro', '92 993004252', NULL, '2025-12-29T21:30:23.290Z', '2025-12-29T21:30:23.290Z');
INSERT INTO "Client" ("id", "name", "phone", "email", "createdAt", "updatedAt") VALUES ('cmjroaddw0016q608hyw74lyz', 'Thiago antonio', '92 986452381', NULL, '2025-12-29T21:30:55.940Z', '2025-12-29T21:30:55.940Z');
INSERT INTO "Client" ("id", "name", "phone", "email", "createdAt", "updatedAt") VALUES ('cmjrobcoa0017q6083qdnbydg', 'Caio troy', '92 984711966', NULL, '2025-12-29T21:31:41.674Z', '2025-12-29T21:31:41.674Z');
INSERT INTO "Client" ("id", "name", "phone", "email", "createdAt", "updatedAt") VALUES ('cmjrocgyb0018q608jtqxisdh', 'Eduardo mustafa', '92 984037403', NULL, '2025-12-29T21:32:33.875Z', '2025-12-29T21:32:33.875Z');
INSERT INTO "Client" ("id", "name", "phone", "email", "createdAt", "updatedAt") VALUES ('cmjrodb7k0019q608bpf4lj0m', 'Henrico Queiroz', '92 994071310', NULL, '2025-12-29T21:33:13.088Z', '2025-12-29T21:33:13.088Z');
INSERT INTO "Client" ("id", "name", "phone", "email", "createdAt", "updatedAt") VALUES ('cmjrodv4s001aq608bg5an11h', 'Carlos eduardo', '92 991966238', NULL, '2025-12-29T21:33:38.889Z', '2025-12-29T21:33:38.889Z');
INSERT INTO "Client" ("id", "name", "phone", "email", "createdAt", "updatedAt") VALUES ('cmjroed8z001bq608k648pjot', 'Edson vilaça', '92 992768323', NULL, '2025-12-29T21:34:02.387Z', '2025-12-29T21:34:02.387Z');
INSERT INTO "Client" ("id", "name", "phone", "email", "createdAt", "updatedAt") VALUES ('cmjrq1s5m001cq608s33ipr9i', 'Robson vilaça ', '92 981139342', NULL, '2025-12-29T22:20:14.392Z', '2025-12-29T22:20:14.392Z');
INSERT INTO "Client" ("id", "name", "phone", "email", "createdAt", "updatedAt") VALUES ('cmjrq2b5k001dq6080vwpbs4k', 'Luciano contes', '92 994912494', NULL, '2025-12-29T22:20:39.032Z', '2025-12-29T22:20:39.032Z');
INSERT INTO "Client" ("id", "name", "phone", "email", "createdAt", "updatedAt") VALUES ('cmjrq2urp001eq60834kzdu5t', 'Bruno Alexander ', '92 991919064', NULL, '2025-12-29T22:21:04.452Z', '2025-12-29T22:21:04.452Z');
INSERT INTO "Client" ("id", "name", "phone", "email", "createdAt", "updatedAt") VALUES ('cmjrq3is9001fq6087ydgf8eq', 'Rodrigo coelho ', '92 984676378', NULL, '2025-12-29T22:21:35.576Z', '2025-12-29T22:21:35.576Z');
INSERT INTO "Client" ("id", "name", "phone", "email", "createdAt", "updatedAt") VALUES ('cmjrq41ca001gq6081u7hkhht', 'Wesley Fernandes ', '92 982130247', NULL, '2025-12-29T22:21:59.625Z', '2025-12-29T22:21:59.625Z');
INSERT INTO "Client" ("id", "name", "phone", "email", "createdAt", "updatedAt") VALUES ('cmjrq4ple001hq608jb0kuln2', 'Little gab', '92 988360658', NULL, '2025-12-29T22:22:31.058Z', '2025-12-29T22:22:31.058Z');
INSERT INTO "Client" ("id", "name", "phone", "email", "createdAt", "updatedAt") VALUES ('cmjrq59gh001iq608kb8wz1m8', 'Julio vinicius', '92 988031499', NULL, '2025-12-29T22:22:56.800Z', '2025-12-29T22:22:56.800Z');
INSERT INTO "Client" ("id", "name", "phone", "email", "createdAt", "updatedAt") VALUES ('cmjrq5xjk001jq60818b5dbrt', 'Joaozinho grilo', '21 9972382729', NULL, '2025-12-29T22:23:28.016Z', '2025-12-29T22:23:28.016Z');
INSERT INTO "Client" ("id", "name", "phone", "email", "createdAt", "updatedAt") VALUES ('cmjrq6e6g001kq60862c3xh0s', 'Leo geber ', '92 981393463', NULL, '2025-12-29T22:23:49.576Z', '2025-12-29T22:23:49.576Z');
INSERT INTO "Client" ("id", "name", "phone", "email", "createdAt", "updatedAt") VALUES ('cmjrq6uk3001lq608ypz3qwuo', 'João Victor ', '92 981177612', NULL, '2025-12-29T22:24:10.803Z', '2025-12-29T22:24:10.803Z');
INSERT INTO "Service" ("id", "name", "description", "price", "duration", "isActive", "createdAt", "updatedAt") VALUES ('cmjn98ho30001lb0862tooh19', 'Barba', NULL, 35, 30, true, '2025-12-26T19:18:29.234Z', '2025-12-26T19:18:29.234Z');
INSERT INTO "Service" ("id", "name", "description", "price", "duration", "isActive", "createdAt", "updatedAt") VALUES ('cmjir5h4o0002p2082c3n116o', 'Corte ', NULL, 35, 30, true, '2025-12-23T15:41:10.775Z', '2025-12-27T17:23:48.618Z');
INSERT INTO "Service" ("id", "name", "description", "price", "duration", "isActive", "createdAt", "updatedAt") VALUES ('cmjokrmnv0004rc09t6cjsur3', 'Corte & Barba ', NULL, 65, 60, true, '2025-12-27T17:29:04.122Z', '2025-12-27T17:29:04.122Z');
INSERT INTO "Service" ("id", "name", "description", "price", "duration", "isActive", "createdAt", "updatedAt") VALUES ('cmjolkfaf000erc09d8oj3xgx', 'Sobrencelha ', NULL, 15, 10, true, '2025-12-27T17:51:27.591Z', '2025-12-27T17:51:27.591Z');
INSERT INTO "Service" ("id", "name", "description", "price", "duration", "isActive", "createdAt", "updatedAt") VALUES ('cmjollflr000frc09o7fq8afa', 'Alinhamento dos fios ', 'A partir ', 80, 60, true, '2025-12-27T17:52:14.655Z', '2025-12-27T17:52:14.655Z');
INSERT INTO "Service" ("id", "name", "description", "price", "duration", "isActive", "createdAt", "updatedAt") VALUES ('cmjolm87q000grc09ltc2bo7z', 'Luzes ', 'A partir ', 85, 60, true, '2025-12-27T17:52:51.734Z', '2025-12-27T17:52:51.734Z');
INSERT INTO "Service" ("id", "name", "description", "price", "duration", "isActive", "createdAt", "updatedAt") VALUES ('cmjolmpfa000hrc09eehxa74h', 'Platinado ', 'A partir ', 130, 60, true, '2025-12-27T17:53:14.023Z', '2025-12-27T17:53:14.023Z');
INSERT INTO "Service" ("id", "name", "description", "price", "duration", "isActive", "createdAt", "updatedAt") VALUES ('cmjolnird000irc0932v8al0x', 'Depilação nasal ', NULL, 20, 10, true, '2025-12-27T17:53:52.057Z', '2025-12-27T17:53:52.057Z');
INSERT INTO "Service" ("id", "name", "description", "price", "duration", "isActive", "createdAt", "updatedAt") VALUES ('cmjolnxg9000jrc099axz8a43', 'Depilação orelha ', NULL, 20, 10, true, '2025-12-27T17:54:11.097Z', '2025-12-27T17:54:11.097Z');
INSERT INTO "Product" ("id", "name", "description", "price", "stock", "unit", "category", "isActive", "createdAt", "updatedAt") VALUES ('cmk4g74ah0000yt8laxozs6ga', 'Pomada Modeladora', NULL, 25, 10, 'un', 'Pomadas', true, '2026-01-07T20:05:27.545Z', '2026-01-07T20:05:27.545Z');
INSERT INTO "Product" ("id", "name", "description", "price", "stock", "unit", "category", "isActive", "createdAt", "updatedAt") VALUES ('cmk4g8d7w0001yt8luafst7b4', 'Shampoo Profissional', NULL, 18.5, 15, 'un', 'Shampoos', true, '2026-01-07T20:06:25.772Z', '2026-01-07T20:06:25.772Z');
INSERT INTO "CashRegister" ("id", "openedBy", "openedAt", "closedAt", "initialAmount", "finalAmount", "expectedAmount", "difference", "status", "createdAt", "updatedAt") VALUES ('cmk3al4yv0005y2dque884xik', 'cmjiq5eqo0000xe3snhnnva0i', '2026-01-07T00:40:37.736Z', NULL, 0, NULL, NULL, NULL, 'OPEN', '2026-01-07T00:40:37.736Z', '2026-01-07T00:40:37.736Z');
INSERT INTO "Subscription" ("id", "clientId", "planName", "amount", "billingDay", "status", "startDate", "endDate", "observations", "servicesIncluded", "usageLimit", "createdAt", "updatedAt") VALUES ('cmjol6tho0007rc09qf9804rm', 'cmjol2dyc0005rc09169224xt', 'JhonClub Corte ', 69.9, 26, 'ACTIVE', '2025-12-27T17:40:52.813Z', NULL, '', 'Corte \npezinho', NULL, '2025-12-27T17:40:52.813Z', '2025-12-27T17:40:52.813Z');
INSERT INTO "Subscription" ("id", "clientId", "planName", "amount", "billingDay", "status", "startDate", "endDate", "observations", "servicesIncluded", "usageLimit", "createdAt", "updatedAt") VALUES ('cmjrj7aox0001mu08ouqs63du', 'cmjoxvtge0009qy08qq2t7uf6', 'Corte e barba', 130, 24, 'ACTIVE', '2025-12-29T19:08:34.400Z', NULL, '', '', NULL, '2025-12-29T19:08:34.400Z', '2025-12-29T19:08:34.400Z');
INSERT INTO "Subscription" ("id", "clientId", "planName", "amount", "billingDay", "status", "startDate", "endDate", "observations", "servicesIncluded", "usageLimit", "createdAt", "updatedAt") VALUES ('cmjrj8j4e0003mu087l596tc1', 'cmjoxwzam000aqy08lfdm1pp7', 'Plano corte', 70, 24, 'ACTIVE', '2025-12-29T19:09:31.983Z', NULL, '', '', NULL, '2025-12-29T19:09:31.983Z', '2025-12-29T19:09:31.983Z');
INSERT INTO "Subscription" ("id", "clientId", "planName", "amount", "billingDay", "status", "startDate", "endDate", "observations", "servicesIncluded", "usageLimit", "createdAt", "updatedAt") VALUES ('cmjrjbf1p0005mu08pm29tplb', 'cmjoxyadf000bqy08d34gjslj', 'Plano corte', 70, 20, 'ACTIVE', '2025-12-29T19:11:46.669Z', NULL, '', '', NULL, '2025-12-29T19:11:46.669Z', '2025-12-29T19:11:46.669Z');
INSERT INTO "Subscription" ("id", "clientId", "planName", "amount", "billingDay", "status", "startDate", "endDate", "observations", "servicesIncluded", "usageLimit", "createdAt", "updatedAt") VALUES ('cmjrjcfyg0007mu08285eh3io', 'cmjoxz2ao000cqy089uy9ropz', 'Plano corte e barba', 130, 19, 'ACTIVE', '2025-12-29T19:12:34.504Z', NULL, '', '', NULL, '2025-12-29T19:12:34.504Z', '2025-12-29T19:12:34.504Z');
INSERT INTO "Subscription" ("id", "clientId", "planName", "amount", "billingDay", "status", "startDate", "endDate", "observations", "servicesIncluded", "usageLimit", "createdAt", "updatedAt") VALUES ('cmjrjd5rn0009mu08v1lpcw84', 'cmjoxzqta000dqy088bu4lmc1', 'Plano corte ', 70, 17, 'ACTIVE', '2025-12-29T19:13:07.955Z', NULL, '', '', NULL, '2025-12-29T19:13:07.955Z', '2025-12-29T19:13:07.955Z');
INSERT INTO "Subscription" ("id", "clientId", "planName", "amount", "billingDay", "status", "startDate", "endDate", "observations", "servicesIncluded", "usageLimit", "createdAt", "updatedAt") VALUES ('cmjrjekp5000bmu08ryhtw87r', 'cmjoy0dkb000eqy08jxtac5jp', 'Plano corte e barba', 130, 17, 'ACTIVE', '2025-12-29T19:14:13.962Z', NULL, '', '', NULL, '2025-12-29T19:14:13.962Z', '2025-12-29T19:14:13.962Z');
INSERT INTO "Subscription" ("id", "clientId", "planName", "amount", "billingDay", "status", "startDate", "endDate", "observations", "servicesIncluded", "usageLimit", "createdAt", "updatedAt") VALUES ('cmjrjfmlo000dmu08g0ltbcj8', 'cmjoy121s000fqy085g3xbsqp', 'Plano corte', 70, 16, 'ACTIVE', '2025-12-29T19:15:03.084Z', NULL, '', '', NULL, '2025-12-29T19:15:03.084Z', '2025-12-29T19:15:03.084Z');
INSERT INTO "Subscription" ("id", "clientId", "planName", "amount", "billingDay", "status", "startDate", "endDate", "observations", "servicesIncluded", "usageLimit", "createdAt", "updatedAt") VALUES ('cmjrjg4hc000fmu081i1sut4f', 'cmjoy1l9l000gqy08u6uj4axd', 'Plano corte', 70, 15, 'ACTIVE', '2025-12-29T19:15:26.256Z', NULL, '', '', NULL, '2025-12-29T19:15:26.256Z', '2025-12-29T19:15:26.256Z');
INSERT INTO "Subscription" ("id", "clientId", "planName", "amount", "billingDay", "status", "startDate", "endDate", "observations", "servicesIncluded", "usageLimit", "createdAt", "updatedAt") VALUES ('cmjrjgmoo000hmu08hgwpvi8h', 'cmjoy248r000hqy08dv3bpfb1', 'Plano corte', 70, 15, 'ACTIVE', '2025-12-29T19:15:49.848Z', NULL, '', '', NULL, '2025-12-29T19:15:49.848Z', '2025-12-29T19:15:49.848Z');
INSERT INTO "Subscription" ("id", "clientId", "planName", "amount", "billingDay", "status", "startDate", "endDate", "observations", "servicesIncluded", "usageLimit", "createdAt", "updatedAt") VALUES ('cmjrjl8xl000jmu08khj03jcj', 'cmjoy2pln000iqy084blzstlu', 'Plano corte', 70, 13, 'ACTIVE', '2025-12-29T19:19:25.306Z', NULL, '', '', NULL, '2025-12-29T19:19:25.306Z', '2025-12-29T19:19:25.306Z');
INSERT INTO "Subscription" ("id", "clientId", "planName", "amount", "billingDay", "status", "startDate", "endDate", "observations", "servicesIncluded", "usageLimit", "createdAt", "updatedAt") VALUES ('cmjrjm2l4000lmu08b0iqczaj', 'cmjoy3bis000jqy086sb68w34', 'Plano corte', 70, 11, 'ACTIVE', '2025-12-29T19:20:03.737Z', NULL, '', '', NULL, '2025-12-29T19:20:03.737Z', '2025-12-29T19:20:03.737Z');
INSERT INTO "Subscription" ("id", "clientId", "planName", "amount", "billingDay", "status", "startDate", "endDate", "observations", "servicesIncluded", "usageLimit", "createdAt", "updatedAt") VALUES ('cmjrjmpb9000nmu08exb3fm6o', 'cmjoy45f3000kqy082q2z4emt', 'Plano corte', 70, 6, 'ACTIVE', '2025-12-29T19:20:33.189Z', NULL, '', '', NULL, '2025-12-29T19:20:33.189Z', '2025-12-29T19:20:33.189Z');
INSERT INTO "Subscription" ("id", "clientId", "planName", "amount", "billingDay", "status", "startDate", "endDate", "observations", "servicesIncluded", "usageLimit", "createdAt", "updatedAt") VALUES ('cmjrjndp6000pmu08g905x92o', 'cmjoy4ri1000lqy08ozysnw7w', 'Plano corte e barba', 130, 6, 'ACTIVE', '2025-12-29T19:21:04.794Z', NULL, '', '', NULL, '2025-12-29T19:21:04.794Z', '2025-12-29T19:21:04.794Z');
INSERT INTO "Subscription" ("id", "clientId", "planName", "amount", "billingDay", "status", "startDate", "endDate", "observations", "servicesIncluded", "usageLimit", "createdAt", "updatedAt") VALUES ('cmjrjnr7w000rmu08lo4e16ej', 'cmjoy55bt000mqy08uenhbr62', 'Plano corte', 70, 6, 'ACTIVE', '2025-12-29T19:21:22.316Z', NULL, '', '', NULL, '2025-12-29T19:21:22.316Z', '2025-12-29T19:21:22.316Z');
INSERT INTO "Subscription" ("id", "clientId", "planName", "amount", "billingDay", "status", "startDate", "endDate", "observations", "servicesIncluded", "usageLimit", "createdAt", "updatedAt") VALUES ('cmjrjok43000tmu08bw53wrb1', 'cmjoy5ud8000nqy08aqqplpyg', 'Plano corte e barba', 130, 6, 'ACTIVE', '2025-12-29T19:21:59.764Z', NULL, '', '', NULL, '2025-12-29T19:21:59.764Z', '2025-12-29T19:21:59.764Z');
INSERT INTO "Subscription" ("id", "clientId", "planName", "amount", "billingDay", "status", "startDate", "endDate", "observations", "servicesIncluded", "usageLimit", "createdAt", "updatedAt") VALUES ('cmjrjpc92000vmu08bhf9y0ou', 'cmjoy66jr000oqy084p6drdsb', 'Plano corte', 70, 1, 'ACTIVE', '2025-12-29T19:22:36.231Z', NULL, '', '', NULL, '2025-12-29T19:22:36.231Z', '2025-12-29T19:22:36.231Z');
INSERT INTO "Subscription" ("id", "clientId", "planName", "amount", "billingDay", "status", "startDate", "endDate", "observations", "servicesIncluded", "usageLimit", "createdAt", "updatedAt") VALUES ('cmjrjptnv000xmu083w66uhit', 'cmjoy6nly000pqy08ajfefka4', 'Plano corte e barba', 130, 1, 'ACTIVE', '2025-12-29T19:22:58.796Z', NULL, '', '', NULL, '2025-12-29T19:22:58.796Z', '2025-12-29T19:22:58.796Z');
INSERT INTO "Subscription" ("id", "clientId", "planName", "amount", "billingDay", "status", "startDate", "endDate", "observations", "servicesIncluded", "usageLimit", "createdAt", "updatedAt") VALUES ('cmjrjqm02000zmu08osjhnuix', 'cmjoy77pj000qqy08ajqo618s', 'Plano corte', 70, 28, 'ACTIVE', '2025-12-29T19:23:35.522Z', NULL, '', '', NULL, '2025-12-29T19:23:35.522Z', '2025-12-29T19:23:35.522Z');
INSERT INTO "Subscription" ("id", "clientId", "planName", "amount", "billingDay", "status", "startDate", "endDate", "observations", "servicesIncluded", "usageLimit", "createdAt", "updatedAt") VALUES ('cmjrjrah60011mu08a5yujabw', 'cmjoy83wf000rqy08biz5fb8i', 'Plano corte', 70, 27, 'ACTIVE', '2025-12-29T19:24:07.243Z', NULL, '', '', NULL, '2025-12-29T19:24:07.243Z', '2025-12-29T19:24:07.243Z');
INSERT INTO "Subscription" ("id", "clientId", "planName", "amount", "billingDay", "status", "startDate", "endDate", "observations", "servicesIncluded", "usageLimit", "createdAt", "updatedAt") VALUES ('cmjrjs3490013mu08ryskhm2y', 'cmjoy8l7a000sqy08f1b706yd', 'Plano corte', 45, 24, 'ACTIVE', '2025-12-29T19:24:44.362Z', NULL, '', '', NULL, '2025-12-29T19:24:44.362Z', '2025-12-29T19:24:44.362Z');
INSERT INTO "Subscription" ("id", "clientId", "planName", "amount", "billingDay", "status", "startDate", "endDate", "observations", "servicesIncluded", "usageLimit", "createdAt", "updatedAt") VALUES ('cmjrju1tj0015mu081ved041b', 'cmjoy96lm000tqy08b9pl4mbl', 'Plano corte', 70, 24, 'ACTIVE', '2025-12-29T19:26:15.992Z', NULL, '', '', NULL, '2025-12-29T19:26:15.992Z', '2025-12-29T19:26:15.992Z');
INSERT INTO "Subscription" ("id", "clientId", "planName", "amount", "billingDay", "status", "startDate", "endDate", "observations", "servicesIncluded", "usageLimit", "createdAt", "updatedAt") VALUES ('cmjrjuw290017mu08rqdifq8q', 'cmjoy9lzc000uqy08a829bsy3', 'Plano corte e barba', 130, 22, 'ACTIVE', '2025-12-29T19:26:55.186Z', NULL, '', '', NULL, '2025-12-29T19:26:55.186Z', '2025-12-29T19:26:55.186Z');
INSERT INTO "Subscription" ("id", "clientId", "planName", "amount", "billingDay", "status", "startDate", "endDate", "observations", "servicesIncluded", "usageLimit", "createdAt", "updatedAt") VALUES ('cmjrjw9py0019mu08gbdsose9', 'cmjoya3v3000vqy089gefqwhl', 'Plano corte', 70, 15, 'ACTIVE', '2025-12-29T19:27:59.543Z', NULL, '', '', NULL, '2025-12-29T19:27:59.543Z', '2025-12-29T19:27:59.543Z');
INSERT INTO "Subscription" ("id", "clientId", "planName", "amount", "billingDay", "status", "startDate", "endDate", "observations", "servicesIncluded", "usageLimit", "createdAt", "updatedAt") VALUES ('cmjrjxqnu001bmu086g6xib3r', 'cmjoyajr1000wqy08mmxw6wgc', 'Plano corte e barba', 130, 15, 'ACTIVE', '2025-12-29T19:29:08.154Z', NULL, '', '', NULL, '2025-12-29T19:29:08.154Z', '2025-12-29T19:29:08.154Z');
INSERT INTO "Subscription" ("id", "clientId", "planName", "amount", "billingDay", "status", "startDate", "endDate", "observations", "servicesIncluded", "usageLimit", "createdAt", "updatedAt") VALUES ('cmjrjz8ya001dmu08c3pxmrtt', 'cmjoyawbk000xqy08dswme974', 'Plano corte', 70, 1, 'ACTIVE', '2025-12-29T19:30:18.514Z', NULL, '', '', NULL, '2025-12-29T19:30:18.514Z', '2025-12-29T19:30:18.514Z');
INSERT INTO "Subscription" ("id", "clientId", "planName", "amount", "billingDay", "status", "startDate", "endDate", "observations", "servicesIncluded", "usageLimit", "createdAt", "updatedAt") VALUES ('cmjrk0gm8001fmu083cju2r6p', 'cmjoybd2n000yqy08ki2mlgor', 'Plano corte', 70, 29, 'ACTIVE', '2025-12-29T19:31:15.105Z', NULL, '', '', NULL, '2025-12-29T19:31:15.105Z', '2025-12-29T19:31:15.105Z');
INSERT INTO "Subscription" ("id", "clientId", "planName", "amount", "billingDay", "status", "startDate", "endDate", "observations", "servicesIncluded", "usageLimit", "createdAt", "updatedAt") VALUES ('cmjrnfvyi0001q608gm398bna', 'cmjoybun1000zqy08tjzc1ab7', 'Plano corte', 70, 27, 'ACTIVE', '2025-12-29T21:07:13.674Z', NULL, '', '', NULL, '2025-12-29T21:07:13.674Z', '2025-12-29T21:07:13.674Z');
INSERT INTO "Subscription" ("id", "clientId", "planName", "amount", "billingDay", "status", "startDate", "endDate", "observations", "servicesIncluded", "usageLimit", "createdAt", "updatedAt") VALUES ('cmjrngh6z0003q608hrza0n57', 'cmjoyclct0010qy088zdcznro', 'Plano corte e barba', 130, 21, 'ACTIVE', '2025-12-29T21:07:41.196Z', NULL, '', '', NULL, '2025-12-29T21:07:41.196Z', '2025-12-29T21:07:41.196Z');
INSERT INTO "Subscription" ("id", "clientId", "planName", "amount", "billingDay", "status", "startDate", "endDate", "observations", "servicesIncluded", "usageLimit", "createdAt", "updatedAt") VALUES ('cmjrnh2cn0005q608cqvz4f2j', 'cmjoyd59a0011qy08a7vgbcf1', 'Plano corte', 70, 10, 'ACTIVE', '2025-12-29T21:08:08.616Z', NULL, '', '', NULL, '2025-12-29T21:08:08.616Z', '2025-12-29T21:08:08.616Z');
INSERT INTO "Subscription" ("id", "clientId", "planName", "amount", "billingDay", "status", "startDate", "endDate", "observations", "servicesIncluded", "usageLimit", "createdAt", "updatedAt") VALUES ('cmjrnhqou0007q6084x9bdfqv', 'cmjoydl930012qy08law3ogsj', 'Plano corte e barba', 130, 15, 'ACTIVE', '2025-12-29T21:08:40.158Z', NULL, '', '', NULL, '2025-12-29T21:08:40.158Z', '2025-12-29T21:08:40.158Z');
INSERT INTO "Subscription" ("id", "clientId", "planName", "amount", "billingDay", "status", "startDate", "endDate", "observations", "servicesIncluded", "usageLimit", "createdAt", "updatedAt") VALUES ('cmjrnjct50009q6082c14npb2', 'cmjoyeegy0013qy08pdopbd3a', 'Plano corte', 70, 10, 'ACTIVE', '2025-12-29T21:09:55.482Z', NULL, '', '', NULL, '2025-12-29T21:09:55.482Z', '2025-12-29T21:09:55.482Z');
INSERT INTO "Subscription" ("id", "clientId", "planName", "amount", "billingDay", "status", "startDate", "endDate", "observations", "servicesIncluded", "usageLimit", "createdAt", "updatedAt") VALUES ('cmjrnl37i000bq608a4vrv236', 'cmjoyex5r0014qy08szh78ugu', 'Plano corte e barba', 130, 9, 'ACTIVE', '2025-12-29T21:11:16.351Z', NULL, '', '', NULL, '2025-12-29T21:11:16.351Z', '2025-12-29T21:11:16.351Z');
INSERT INTO "Subscription" ("id", "clientId", "planName", "amount", "billingDay", "status", "startDate", "endDate", "observations", "servicesIncluded", "usageLimit", "createdAt", "updatedAt") VALUES ('cmjrnlq2w000dq6087bk8rfn9', 'cmjoyfhlz0015qy085tdz4x7t', 'Plano corte', 70, 9, 'ACTIVE', '2025-12-29T21:11:45.992Z', NULL, '', '', NULL, '2025-12-29T21:11:45.992Z', '2025-12-29T21:11:45.992Z');
INSERT INTO "Subscription" ("id", "clientId", "planName", "amount", "billingDay", "status", "startDate", "endDate", "observations", "servicesIncluded", "usageLimit", "createdAt", "updatedAt") VALUES ('cmjrnmh0j000fq608un2hd1hk', 'cmjoyfwe10016qy08o5w5quix', 'Plano corte', 70, 4, 'ACTIVE', '2025-12-29T21:12:20.900Z', NULL, '', '', NULL, '2025-12-29T21:12:20.900Z', '2025-12-29T21:12:20.900Z');
INSERT INTO "Subscription" ("id", "clientId", "planName", "amount", "billingDay", "status", "startDate", "endDate", "observations", "servicesIncluded", "usageLimit", "createdAt", "updatedAt") VALUES ('cmjrnnllj000hq6082p7natpa', 'cmjoygk720017qy08k7x80fiq', 'Plano corte', 70, 4, 'ACTIVE', '2025-12-29T21:13:13.496Z', NULL, '', '', NULL, '2025-12-29T21:13:13.496Z', '2025-12-29T21:13:13.496Z');
INSERT INTO "Subscription" ("id", "clientId", "planName", "amount", "billingDay", "status", "startDate", "endDate", "observations", "servicesIncluded", "usageLimit", "createdAt", "updatedAt") VALUES ('cmjrnnzpt000jq608gchm1hh4', 'cmjoyh3sw0018qy08ver57jvl', 'Plano corte', 70, 10, 'ACTIVE', '2025-12-29T21:13:31.793Z', NULL, '', '', NULL, '2025-12-29T21:13:31.793Z', '2025-12-29T21:13:31.793Z');
INSERT INTO "Subscription" ("id", "clientId", "planName", "amount", "billingDay", "status", "startDate", "endDate", "observations", "servicesIncluded", "usageLimit", "createdAt", "updatedAt") VALUES ('cmjrnp0s9000lq608nubjum2k', 'cmjoyhnw30019qy082l4d6uh1', 'Plano corte', 70, 2, 'ACTIVE', '2025-12-29T21:14:19.833Z', NULL, '', '', NULL, '2025-12-29T21:14:19.833Z', '2025-12-29T21:14:19.833Z');
INSERT INTO "Subscription" ("id", "clientId", "planName", "amount", "billingDay", "status", "startDate", "endDate", "observations", "servicesIncluded", "usageLimit", "createdAt", "updatedAt") VALUES ('cmjrnpvqn000nq608yg8l6e2b', 'cmjoyi6i2001aqy08yirmjhcv', 'Plano corte ', 70, 26, 'ACTIVE', '2025-12-29T21:14:59.952Z', NULL, '', '', NULL, '2025-12-29T21:14:59.952Z', '2025-12-29T21:14:59.952Z');
INSERT INTO "Subscription" ("id", "clientId", "planName", "amount", "billingDay", "status", "startDate", "endDate", "observations", "servicesIncluded", "usageLimit", "createdAt", "updatedAt") VALUES ('cmjrnuzx6000pq6089ypa9cz9', 'cmjoyivon001bqy083clqj37e', 'Plano  corte e barba', 130, 19, 'ACTIVE', '2025-12-29T21:18:58.650Z', NULL, '', '', NULL, '2025-12-29T21:18:58.650Z', '2025-12-29T21:18:58.650Z');
INSERT INTO "Subscription" ("id", "clientId", "planName", "amount", "billingDay", "status", "startDate", "endDate", "observations", "servicesIncluded", "usageLimit", "createdAt", "updatedAt") VALUES ('cmjrnvplu000rq608n90jorjf', 'cmjoyjh7u001cqy081a7s7e99', 'Plano corte e barba', 130, 20, 'ACTIVE', '2025-12-29T21:19:31.938Z', NULL, '', '', NULL, '2025-12-29T21:19:31.938Z', '2025-12-29T21:19:31.938Z');
INSERT INTO "Subscription" ("id", "clientId", "planName", "amount", "billingDay", "status", "startDate", "endDate", "observations", "servicesIncluded", "usageLimit", "createdAt", "updatedAt") VALUES ('cmjrnwh28000tq608a69xul80', 'cmjoyk19v001dqy08wq1ilcbi', 'Plano corte ', 70, 12, 'ACTIVE', '2025-12-29T21:20:07.521Z', NULL, '', '', NULL, '2025-12-29T21:20:07.521Z', '2025-12-29T21:20:07.521Z');
INSERT INTO "Subscription" ("id", "clientId", "planName", "amount", "billingDay", "status", "startDate", "endDate", "observations", "servicesIncluded", "usageLimit", "createdAt", "updatedAt") VALUES ('cmjxkduxt0001nu08lk65j6cv', 'cmjrobcoa0017q6083qdnbydg', 'Plano Corte', 70, 1, 'ACTIVE', '2026-01-03T00:28:17.250Z', NULL, '', '', NULL, '2026-01-03T00:28:17.250Z', '2026-01-03T00:28:17.250Z');
INSERT INTO "Subscription" ("id", "clientId", "planName", "amount", "billingDay", "status", "startDate", "endDate", "observations", "servicesIncluded", "usageLimit", "createdAt", "updatedAt") VALUES ('cmjxl0wn2000bnu08lv66v81b', 'cmjro1uqv000wq608lgqd3jcd', 'Plano corte ', 70, 2, 'ACTIVE', '2026-01-03T00:46:12.542Z', NULL, '', '', NULL, '2026-01-03T00:46:12.542Z', '2026-01-06T17:32:15.663Z');
INSERT INTO "AccountReceivable" ("id", "description", "category", "payer", "clientId", "phone", "amount", "dueDate", "paymentDate", "status", "paymentMethod", "observations", "subscriptionId", "createdAt", "updatedAt") VALUES ('cmjou031c0000qy08ce5ar9s0', 'Assinatura - JhonClub Corte  - Cézar Vilaça', 'SUBSCRIPTION', 'Cézar Vilaça', NULL, NULL, 69.9, '2026-01-26T21:47:34.493Z', NULL, 'PENDING', NULL, NULL, NULL, '2025-12-27T21:47:35.137Z', '2025-12-27T21:47:35.137Z');
INSERT INTO "AccountReceivable" ("id", "description", "category", "payer", "clientId", "phone", "amount", "dueDate", "paymentDate", "status", "paymentMethod", "observations", "subscriptionId", "createdAt", "updatedAt") VALUES ('cmjucfw2z0000tb08fxlnepaz', 'Assinatura - Plano corte - João thomas ', 'SUBSCRIPTION', 'João thomas ', NULL, NULL, 70, '2026-01-01T18:22:35.212Z', NULL, 'OVERDUE', NULL, NULL, NULL, '2025-12-31T18:22:36.586Z', '2026-01-03T00:13:17.298Z');
INSERT INTO "AccountReceivable" ("id", "description", "category", "payer", "clientId", "phone", "amount", "dueDate", "paymentDate", "status", "paymentMethod", "observations", "subscriptionId", "createdAt", "updatedAt") VALUES ('cmjucg1a40003tb087w7368xj', 'Assinatura - Plano corte - João thomas ', 'SUBSCRIPTION', 'João thomas ', NULL, NULL, 70, '2026-01-01T18:22:41.934Z', NULL, 'OVERDUE', NULL, NULL, NULL, '2025-12-31T18:22:43.325Z', '2026-01-03T00:13:17.298Z');
INSERT INTO "AccountReceivable" ("id", "description", "category", "payer", "clientId", "phone", "amount", "dueDate", "paymentDate", "status", "paymentMethod", "observations", "subscriptionId", "createdAt", "updatedAt") VALUES ('cmjxke1nj0002nu08xu9320sd', 'Assinatura - Plano Corte - Caio troy', 'SUBSCRIPTION', 'Caio troy', NULL, NULL, 70, '2026-02-02T00:28:26.330Z', NULL, 'PENDING', NULL, NULL, NULL, '2026-01-03T00:28:25.951Z', '2026-01-03T00:28:25.951Z');
INSERT INTO "AccountReceivable" ("id", "description", "category", "payer", "clientId", "phone", "amount", "dueDate", "paymentDate", "status", "paymentMethod", "observations", "subscriptionId", "createdAt", "updatedAt") VALUES ('cmjxkiv350005nu08bon5eh43', 'Assinatura - Plano Corte - Caio troy', 'SUBSCRIPTION', 'Caio troy', NULL, NULL, 70, '2026-02-02T00:32:11.084Z', NULL, 'PENDING', NULL, NULL, NULL, '2026-01-03T00:32:10.721Z', '2026-01-03T00:32:10.721Z');
INSERT INTO "AccountReceivable" ("id", "description", "category", "payer", "clientId", "phone", "amount", "dueDate", "paymentDate", "status", "paymentMethod", "observations", "subscriptionId", "createdAt", "updatedAt") VALUES ('cmk2t3lni0000o1089rucvhfn', 'Assinatura - Plano corte  - Gabiel Diniz ', 'SUBSCRIPTION', 'Gabiel Diniz ', NULL, NULL, 70, '2026-02-02T16:31:05.284Z', NULL, 'PENDING', NULL, NULL, NULL, '2026-01-06T16:31:06.078Z', '2026-01-06T16:31:06.078Z');
INSERT INTO "AccountReceivable" ("id", "description", "category", "payer", "clientId", "phone", "amount", "dueDate", "paymentDate", "status", "paymentMethod", "observations", "subscriptionId", "createdAt", "updatedAt") VALUES ('cmk2p5l290000lb08e1zy96v1', 'Assinatura - Plano corte e barba - Janderson bahia ', 'SUBSCRIPTION', 'Janderson bahia ', NULL, NULL, 130, '2026-01-06T14:40:39.345Z', NULL, 'OVERDUE', NULL, NULL, NULL, '2026-01-06T14:40:40.160Z', '2026-01-07T00:05:17.364Z');
INSERT INTO "AccountReceivable" ("id", "description", "category", "payer", "clientId", "phone", "amount", "dueDate", "paymentDate", "status", "paymentMethod", "observations", "subscriptionId", "createdAt", "updatedAt") VALUES ('cmk5v5epy000fpj085yr2lrtq', 'Assinatura - Plano corte  - Gabiel Diniz ', 'SUBSCRIPTION', 'Gabiel Diniz ', NULL, NULL, 70, '2026-02-02T19:51:46.808Z', NULL, 'PENDING', NULL, NULL, NULL, '2026-01-08T19:51:48.166Z', '2026-01-08T19:51:48.166Z');
INSERT INTO "Appointment" ("id", "clientId", "barberId", "date", "status", "paymentMethod", "totalAmount", "workedHours", "workedHoursSubscription", "isSubscriptionAppointment", "observations", "onlineBookingId", "createdAt", "updatedAt") VALUES ('cmk4ew4y40001ry081zpx0124', 'cmjrq5xjk001jq60818b5dbrt', 'cmjir4szc0001p208m38g3p13', '2026-01-08T21:30:00.000Z', 'SCHEDULED', 'PIX', 85, 1, 0, false, NULL, NULL, '2026-01-07T19:28:55.564Z', '2026-01-07T19:28:55.564Z');
INSERT INTO "AppointmentService" ("id", "appointmentId", "serviceId", "price", "createdAt") VALUES ('cmk4ew4y40003ry08hdd1lkbn', 'cmk4ew4y40001ry081zpx0124', 'cmjolm87q000grc09ltc2bo7z', 85, '2026-01-07T19:28:55.564Z');
INSERT INTO "Appointment" ("id", "clientId", "barberId", "date", "status", "paymentMethod", "totalAmount", "workedHours", "workedHoursSubscription", "isSubscriptionAppointment", "observations", "onlineBookingId", "createdAt", "updatedAt") VALUES ('cmk4k2bm00001ob08gwpxgq1i', 'cmjqgckdw0002mo08o3mk4vpv', 'cmjir4szc0001p208m38g3p13', '2026-01-08T21:00:00.000Z', 'SCHEDULED', 'PIX', 105, 1.166666666666667, 0, false, '', 'cmk4ez2160005ry08ophzfbp4', '2026-01-07T21:53:42.216Z', '2026-01-07T21:53:42.216Z');
INSERT INTO "AppointmentService" ("id", "appointmentId", "serviceId", "price", "createdAt") VALUES ('cmk4k2bm00003ob0898suqi0b', 'cmk4k2bm00001ob08gwpxgq1i', 'cmjolm87q000grc09ltc2bo7z', 85, '2026-01-07T21:53:42.216Z');
INSERT INTO "AppointmentService" ("id", "appointmentId", "serviceId", "price", "createdAt") VALUES ('cmk4k2bm00004ob08b77m3j15', 'cmk4k2bm00001ob08gwpxgq1i', 'cmjolnird000irc0932v8al0x', 20, '2026-01-07T21:53:42.216Z');
INSERT INTO "Appointment" ("id", "clientId", "barberId", "date", "status", "paymentMethod", "totalAmount", "workedHours", "workedHoursSubscription", "isSubscriptionAppointment", "observations", "onlineBookingId", "createdAt", "updatedAt") VALUES ('cmk5ukji10001pj08fld66weu', 'cmjrq4ple001hq608jb0kuln2', 'cmjoko0qz0003rc09asvby6r9', '2026-01-08T13:30:00.000Z', 'COMPLETED', 'CASH', 130, 1, 0, false, NULL, NULL, '2026-01-08T19:35:34.585Z', '2026-01-08T19:36:59.938Z');
INSERT INTO "AppointmentService" ("id", "appointmentId", "serviceId", "price", "createdAt") VALUES ('cmk5ukji10003pj08vgennkcu', 'cmk5ukji10001pj08fld66weu', 'cmjolmpfa000hrc09eehxa74h', 130, '2026-01-08T19:35:34.585Z');
INSERT INTO "Appointment" ("id", "clientId", "barberId", "date", "status", "paymentMethod", "totalAmount", "workedHours", "workedHoursSubscription", "isSubscriptionAppointment", "observations", "onlineBookingId", "createdAt", "updatedAt") VALUES ('cmk5v3arg0009pj087hollecz', 'cmjqgckdw0002mo08o3mk4vpv', 'cmjir4szc0001p208m38g3p13', '2026-01-09T13:00:00.000Z', 'COMPLETED', 'CASH', 150, 2, 0, false, '', 'cmk5v2g4a0007pj08sqq8pvbc', '2026-01-08T19:50:09.725Z', '2026-01-08T19:51:17.437Z');
INSERT INTO "AppointmentService" ("id", "appointmentId", "serviceId", "price", "createdAt") VALUES ('cmk5v3arg000bpj08bdsz2v15', 'cmk5v3arg0009pj087hollecz', 'cmjokrmnv0004rc09t6cjsur3', 65, '2026-01-08T19:50:09.725Z');
INSERT INTO "AppointmentService" ("id", "appointmentId", "serviceId", "price", "createdAt") VALUES ('cmk5v3arg000cpj08g2ksh5hi', 'cmk5v3arg0009pj087hollecz', 'cmjolm87q000grc09ltc2bo7z', 85, '2026-01-08T19:50:09.725Z');
INSERT INTO "Commission" ("id", "appointmentId", "barberId", "amount", "status", "paidAt", "createdAt", "updatedAt") VALUES ('cmk4k2bmd0006ob08whpunttk', 'cmk4k2bm00001ob08gwpxgq1i', 'cmjir4szc0001p208m38g3p13', 42, 'PENDING', NULL, '2026-01-07T21:53:42.229Z', '2026-01-07T21:53:42.229Z');
INSERT INTO "Commission" ("id", "appointmentId", "barberId", "amount", "status", "paidAt", "createdAt", "updatedAt") VALUES ('cmk5umdcv0005pj085asfvjni', 'cmk5ukji10001pj08fld66weu', 'cmjoko0qz0003rc09asvby6r9', 58.5, 'PENDING', NULL, '2026-01-08T19:36:59.935Z', '2026-01-08T19:36:59.935Z');
INSERT INTO "Commission" ("id", "appointmentId", "barberId", "amount", "status", "paidAt", "createdAt", "updatedAt") VALUES ('cmk5v3aro000epj088ilifh4m', 'cmk5v3arg0009pj087hollecz', 'cmjir4szc0001p208m38g3p13', 60, 'PENDING', NULL, '2026-01-08T19:50:09.732Z', '2026-01-08T19:50:09.732Z');
INSERT INTO "PaymentLink" ("id", "accountReceivableId", "linkUrl", "generatedBy", "sentAt", "expiresAt", "status", "observations", "createdAt", "updatedAt") VALUES ('cmjou03b70002qy087d27akfd', 'cmjou031c0000qy08ce5ar9s0', 'https://jhonjhon-adm.abacusai.app/pagamento/e23xubdtp0c', 'cmjip3cze0001xeoplrmyvdh0', '2025-12-27T21:47:52.098Z', '2026-01-03T21:47:35.490Z', 'sent', NULL, '2025-12-27T21:47:35.491Z', '2025-12-27T21:47:52.734Z');
INSERT INTO "PaymentLink" ("id", "accountReceivableId", "linkUrl", "generatedBy", "sentAt", "expiresAt", "status", "observations", "createdAt", "updatedAt") VALUES ('cmjucfwb30002tb08gsfq17wt', 'cmjucfw2z0000tb08fxlnepaz', 'https://jhonjhon-adm.abacusai.app/pagamento/fgnotyuew6s', 'cmjiq5eqo0000xe3snhnnva0i', NULL, '2026-01-07T18:22:36.879Z', 'generated', NULL, '2025-12-31T18:22:36.880Z', '2025-12-31T18:22:36.880Z');
INSERT INTO "PaymentLink" ("id", "accountReceivableId", "linkUrl", "generatedBy", "sentAt", "expiresAt", "status", "observations", "createdAt", "updatedAt") VALUES ('cmjucg1io0005tb085o2pgfiv', 'cmjucg1a40003tb087w7368xj', 'https://jhonjhon-adm.abacusai.app/pagamento/u0f6uz0mcok', 'cmjiq5eqo0000xe3snhnnva0i', '2025-12-31T18:22:43.575Z', '2026-01-07T18:22:43.632Z', 'sent', NULL, '2025-12-31T18:22:43.633Z', '2025-12-31T18:22:44.944Z');
INSERT INTO "PaymentLink" ("id", "accountReceivableId", "linkUrl", "generatedBy", "sentAt", "expiresAt", "status", "observations", "createdAt", "updatedAt") VALUES ('cmjxke1x30004nu08us57nrxz', 'cmjxke1nj0002nu08xu9320sd', 'https://jhonjhon-adm.abacusai.app/pagamento/c1cm4r1cttw', 'cmjiq5eqo0000xe3snhnnva0i', NULL, '2026-01-10T00:28:26.295Z', 'generated', NULL, '2026-01-03T00:28:26.295Z', '2026-01-03T00:28:26.295Z');
INSERT INTO "PaymentLink" ("id", "accountReceivableId", "linkUrl", "generatedBy", "sentAt", "expiresAt", "status", "observations", "createdAt", "updatedAt") VALUES ('cmjxkivcv0007nu08em4zn0xk', 'cmjxkiv350005nu08bon5eh43', 'https://jhonjhon-adm.abacusai.app/pagamento/lumj67z7xt', 'cmjiq5eqo0000xe3snhnnva0i', '2026-01-03T00:32:21.504Z', '2026-01-10T00:32:11.071Z', 'sent', NULL, '2026-01-03T00:32:11.072Z', '2026-01-03T00:32:21.146Z');
INSERT INTO "PaymentLink" ("id", "accountReceivableId", "linkUrl", "generatedBy", "sentAt", "expiresAt", "status", "observations", "createdAt", "updatedAt") VALUES ('cmk2p5lb70002lb08tsbe47w1', 'cmk2p5l290000lb08e1zy96v1', 'https://jhonjhon-adm.abacusai.app/pagamento/qfwkshqmo6f', 'cmjiq5eqo0000xe3snhnnva0i', '2026-01-06T14:40:49.698Z', '2026-01-13T14:40:40.482Z', 'sent', NULL, '2026-01-06T14:40:40.483Z', '2026-01-06T14:40:50.437Z');
INSERT INTO "PaymentLink" ("id", "accountReceivableId", "linkUrl", "generatedBy", "sentAt", "expiresAt", "status", "observations", "createdAt", "updatedAt") VALUES ('cmk2t3lvp0002o108xwqme8ar', 'cmk2t3lni0000o1089rucvhfn', 'https://jhonjhon-adm.abacusai.app/pagamento/yh6lvhqzgm', 'cmjiq5eqo0000xe3snhnnva0i', NULL, '2026-01-13T16:31:06.373Z', 'generated', NULL, '2026-01-06T16:31:06.374Z', '2026-01-06T16:31:06.374Z');
INSERT INTO "PaymentLink" ("id", "accountReceivableId", "linkUrl", "generatedBy", "sentAt", "expiresAt", "status", "observations", "createdAt", "updatedAt") VALUES ('cmk5v5f1c000hpj08apl85s4n', 'cmk5v5epy000fpj085yr2lrtq', 'https://jhonjhon-adm.abacusai.app/pagamento/w3q51mh2xog', 'cmjiq5eqo0000xe3snhnnva0i', NULL, '2026-01-15T19:51:48.576Z', 'generated', NULL, '2026-01-08T19:51:48.577Z', '2026-01-08T19:51:48.577Z');
INSERT INTO "OnlineBooking" ("id", "clientId", "clientName", "clientPhone", "clientEmail", "serviceId", "barberId", "scheduledDate", "status", "isSubscriber", "observations", "createdAt", "updatedAt") VALUES ('cmk3dmlfm000al308pdbng9fv', 'cmjqgckdw0002mo08o3mk4vpv', 'ALVARO SAMPAIO', '92981708066', 'alvaromanoelsampaio@gmail.com', 'cmjolmpfa000hrc09eehxa74h', 'cmjoko0qz0003rc09asvby6r9', '2026-01-08T22:30:00.000Z', 'COMPLETED', false, '', '2026-01-07T02:05:44.578Z', '2026-01-07T17:13:13.725Z');
INSERT INTO "OnlineBooking" ("id", "clientId", "clientName", "clientPhone", "clientEmail", "serviceId", "barberId", "scheduledDate", "status", "isSubscriber", "observations", "createdAt", "updatedAt") VALUES ('cmk49e7ys0005my082sl8dlhn', 'cmjqgckdw0002mo08o3mk4vpv', 'Moacy Soares Nonato Filho 92981708066', '92981708066', '', 'cmjn98ho30001lb0862tooh19', 'cmjir4szc0001p208m38g3p13', '2026-01-08T22:30:00.000Z', 'COMPLETED', false, '', '2026-01-07T16:55:01.588Z', '2026-01-07T18:01:51.604Z');
INSERT INTO "OnlineBooking" ("id", "clientId", "clientName", "clientPhone", "clientEmail", "serviceId", "barberId", "scheduledDate", "status", "isSubscriber", "observations", "createdAt", "updatedAt") VALUES ('cmk4bmtmq0001ql080ht47o5a', 'cmjqgckdw0002mo08o3mk4vpv', 'Moacy Soares Nonato Filho', '92981708066', 'moacysoares@gmail.com', 'cmjolnxg9000jrc099axz8a43', 'cmjoko0qz0003rc09asvby6r9', '2026-01-08T22:00:00.000Z', 'COMPLETED', false, '', '2026-01-07T17:57:42.146Z', '2026-01-07T18:02:04.388Z');
INSERT INTO "OnlineBooking" ("id", "clientId", "clientName", "clientPhone", "clientEmail", "serviceId", "barberId", "scheduledDate", "status", "isSubscriber", "observations", "createdAt", "updatedAt") VALUES ('cmk4ckvej0001s4076euvclaf', 'cmjqgckdw0002mo08o3mk4vpv', 'Moacy Soares Nonato Filho', '92981708066', 'moacysoares@gmail.com', 'cmjollflr000frc09o7fq8afa', 'cmjoko0qz0003rc09asvby6r9', '2026-01-07T19:00:00.000Z', 'PENDING', false, '', '2026-01-07T18:24:10.747Z', '2026-01-07T18:24:10.747Z');
INSERT INTO "OnlineBooking" ("id", "clientId", "clientName", "clientPhone", "clientEmail", "serviceId", "barberId", "scheduledDate", "status", "isSubscriber", "observations", "createdAt", "updatedAt") VALUES ('cmk4ez2160005ry08ophzfbp4', 'cmjqgckdw0002mo08o3mk4vpv', 'Moacy Soares Nonato Filho', '92981708066', 'moacysoares@gmail.com', 'cmjolm87q000grc09ltc2bo7z', 'cmjir4szc0001p208m38g3p13', '2026-01-08T21:00:00.000Z', 'CONFIRMED', false, '', '2026-01-07T19:31:11.754Z', '2026-01-07T21:53:42.233Z');
INSERT INTO "OnlineBooking" ("id", "clientId", "clientName", "clientPhone", "clientEmail", "serviceId", "barberId", "scheduledDate", "status", "isSubscriber", "observations", "createdAt", "updatedAt") VALUES ('cmk5v2g4a0007pj08sqq8pvbc', 'cmjqgckdw0002mo08o3mk4vpv', 'Moacy Soares Nonato Filho', '92981708066', 'moacysoares@gmail.com', 'cmjolm87q000grc09ltc2bo7z', 'cmjir4szc0001p208m38g3p13', '2026-01-09T13:00:00.000Z', 'CONFIRMED', false, '', '2026-01-08T19:49:30.010Z', '2026-01-08T19:50:09.734Z');
INSERT INTO "OnlineBooking" ("id", "clientId", "clientName", "clientPhone", "clientEmail", "serviceId", "barberId", "scheduledDate", "status", "isSubscriber", "observations", "createdAt", "updatedAt") VALUES ('cmk5v7gjm000jpj08qmh029p7', 'cmjrobcoa0017q6083qdnbydg', 'Caio troy', '92 984711966', '', 'cmjir5h4o0002p2082c3n116o', 'cmjir4szc0001p208m38g3p13', '2026-01-09T13:30:00.000Z', 'PENDING', true, '', '2026-01-08T19:53:23.842Z', '2026-01-08T19:53:23.842Z');
INSERT INTO "BookingSettings" ("id", "schedule", "serviceIds", "barberIds", "slotDuration", "advanceBookingDays", "minimumNotice", "createdAt", "updatedAt") VALUES ('cmjndvvwt0001upx9xtp4kgs4', '{"friday": {"slots": ["09:00", "09:30", "10:00", "10:30", "11:00", "11:30", "12:00", "12:30", "13:00", "13:30", "14:00", "14:30", "15:00", "15:30", "16:00", "16:30", "17:00", "17:30", "18:00", "18:30", "19:00"], "enabled": true}, "monday": {"slots": ["09:00", "09:30", "10:00", "10:30", "11:00", "11:30", "12:00", "12:30", "13:00", "13:30", "14:00", "14:30", "15:00", "15:30", "16:00", "16:30", "17:00", "17:30", "18:00", "18:30", "19:00"], "enabled": true}, "sunday": {"slots": [], "enabled": false}, "tuesday": {"slots": ["09:00", "09:30", "10:00", "10:30", "11:00", "11:30", "12:00", "12:30", "13:00", "13:30", "14:00", "14:30", "15:00", "15:30", "16:00", "16:30", "17:00", "17:30", "18:00", "18:30", "19:00"], "enabled": true}, "saturday": {"slots": ["09:00", "09:30", "10:00", "10:30", "11:00", "11:30", "12:00", "12:30", "13:00", "13:30", "14:00", "14:30", "15:00", "15:30", "16:00", "16:30", "17:00", "17:30", "18:00", "18:30", "19:00"], "enabled": true}, "thursday": {"slots": ["09:00", "09:30", "10:00", "10:30", "11:00", "11:30", "12:00", "12:30", "13:00", "13:30", "14:00", "14:30", "15:00", "15:30", "16:00", "16:30", "17:00", "17:30", "18:00", "18:30", "19:00"], "enabled": true}, "wednesday": {"slots": ["09:00", "09:30", "10:00", "10:30", "11:00", "11:30", "12:00", "12:30", "13:00", "13:30", "14:00", "14:30", "15:00", "15:30", "16:00", "16:30", "17:00", "17:30", "18:00", "18:30", "19:00"], "enabled": true}}'::jsonb, ARRAY['cmjir5h4o0002p2082c3n116o', 'cmjn98ho30001lb0862tooh19', 'cmjokrmnv0004rc09t6cjsur3', 'cmjolkfaf000erc09d8oj3xgx', 'cmjollflr000frc09o7fq8afa', 'cmjolm87q000grc09ltc2bo7z', 'cmjolmpfa000hrc09eehxa74h', 'cmjolnird000irc0932v8al0x', 'cmjolnxg9000jrc099axz8a43'], ARRAY['cmjir4szc0001p208m38g3p13', 'cmjokmsma0002rc09qso1ymbp', 'cmjoko0qz0003rc09asvby6r9'], 30, 7, 1, '2025-12-26T21:28:39.246Z', '2025-12-27T17:54:38.704Z');
